endTime,artistName,trackName,msPlayed
12/25/19 18:15,Adolphe Adam,"O Helga natt (Cantique de Noel, O Holy Night): Can...",114273
3/25/20 18:34,John Lennon,Imagine - Ultimate Mix,186213
3/25/20 18:41,The Beatles,Hey Jude - Remastered 2015,425653
3/25/20 18:43,The Beatles,Yesterday - Remastered 2009,125666
3/25/20 18:47,The Beatles,Here Comes The Sun - Remastered 2009,185733
3/25/20 18:51,Elton John,"Rocket Man (I Think It's Going To Be A Long, Long ...",281613
3/25/20 18:52,Elton John,Your Song - Remastered,23894
3/26/20 15:01,King Guru,She's the Only One,2837
3/26/20 15:01,Jukebox The Ghost,Victoria,218005
3/26/20 15:05,Electric Guest,Dollar,208746
3/26/20 15:07,Zach Berkman,Where the Wind Blows,167198
3/26/20 15:09,Bad Suns,One Magic Moment,75577
3/26/20 15:47,Billy Joel,Uptown Girl,17813
3/26/20 15:49,Justin Timberlake,CAN'T STOP THE FEELING! (Original Song from DreamW...,16298
3/26/20 17:42,Magic City Hippies,Franny,106920
3/26/20 17:43,Lawrence,Oranges,25105
3/26/20 17:46,Lake Street Dive,Side Pony,182426
3/26/20 17:49,The Head And The Heart,All We Ever Knew,225560
3/26/20 18:19,James Blunt,Goodbye My Lover,258653
3/26/20 18:22,Kel,Nashville,195346
3/26/20 18:27,John Mayer,New Light,216014
3/26/20 18:31,Ray LaMontagne,You Are the Best Thing,231840
3/26/20 18:34,Jordy Searcy,Why Can't We Be Friends?,207656
3/26/20 18:38,The National Parks,As We Ran,200321
3/26/20 18:40,Mipso,Louise,112307
3/26/20 18:43,Morningsiders,Honey Hold Me,181454
3/26/20 18:49,John Mayer,Your Body Is a Wonderland,129352
3/26/20 18:52,Colony House,Moving Forward,217986
3/26/20 18:56,Passenger,Anywhere,216200
3/26/20 18:59,The Head And The Heart,Honeybee,196055
3/26/20 19:03,James Blunt,Tears and Rain,244226
3/26/20 19:08,Sam Burchfield,Spring,231626
3/26/20 19:10,Jamie Lawson,Wasn't Expecting That,2165
3/26/20 19:10,The Ballroom Thieves,Anybody Else,512
3/26/20 19:10,The Ballroom Thieves,Anybody Else,415
3/26/20 19:10,Lawrence,Casualty,1151
3/26/20 19:10,Lawrence,Casualty,351
3/26/20 19:10,Cody Fry,Vegas,152802
3/26/20 19:11,Cody Fry,Vegas,41161
3/26/20 19:16,Jamie Lawson,Wasn't Expecting That,3776
3/26/20 19:16,The Ballroom Thieves,Anybody Else,39338
3/26/20 19:16,Lawrence,Casualty,122068
3/26/20 19:16,James Blunt,Billy,1023
3/26/20 19:16,Jordy Searcy,Love & War in Your Twenties,1653
3/26/20 19:16,Mipso,Carolina Calling,970
3/26/20 19:20,Lawrence,More,196733
3/26/20 19:24,Susto,Chillin' On The Beach With My Best Friend Jesus Ch...,1589
3/26/20 19:24,Guthrie Brown,Wild Child,1845
3/26/20 19:24,RELIC,Winter,26238
3/26/20 19:24,Morningsiders,Empress,1141
3/26/20 19:27,Guthrie Brown,Wild Child,209653
3/26/20 19:31,Morningsiders,Empress,199742
3/26/20 19:35,Waker,Lover,232166
3/26/20 19:42,The Head And The Heart,Bluebird - Stinson Beach Sessions,226560
3/26/20 19:47,BAILEN,Something Tells Me,241120
3/26/20 19:51,The National Parks,You Are Gold,216653
3/26/20 19:58,Lawrence,Do You Wanna Do Nothing with Me?,251853
3/26/20 20:26,Cody Fry,Go,194246
3/26/20 20:31,Johnnyswim,Ring the Bells,152933
3/26/20 20:36,CHAPPY,Colorado,267611
3/26/20 20:40,John Mayer,Dreaming with a Broken Heart,245746
3/26/20 20:44,John Vincent III,In My Sheets,250000
3/26/20 20:48,The Head And The Heart,See You Through My Eyes,234365
3/26/20 20:52,James Blunt,High,243280
3/26/20 21:23,Busty and the Bass,Up Top,277546
3/27/20 1:17,DJ Pauly D,Beat Dat Beat (It's Time To),3239
3/27/20 1:17,Enrique Iglesias,I Like It - Jason Nevins Remix,27980
3/27/20 1:17,Layup,Every Mile,51898
3/27/20 1:18,LMFAO,Get Crazy,9868
3/27/20 1:18,DJ Pauly D,Back To Love,14187
3/27/20 1:18,Taio Cruz,Break Your Heart - Mixin Marc And Tony Svejda Radi...,3506
3/27/20 16:15,John Lennon,Imagine - Ultimate Mix,186213
3/27/20 16:22,The Beatles,Hey Jude - Remastered 2015,425653
3/27/20 16:23,The Beatles,Yesterday - Remastered 2009,67232
3/27/20 16:26,The Beatles,Yesterday - Remastered 2009,125666
3/27/20 16:29,The Beatles,Here Comes The Sun - Remastered 2009,185733
3/27/20 16:33,Elton John,"Rocket Man (I Think It's Going To Be A Long, Long ...",281613
3/27/20 16:37,Elton John,Your Song - Remastered,243066
3/27/20 16:46,Elton John,Goodbye Yellow Brick Road - Remastered 2014,192826
3/27/20 16:47,Elton John,Don't Go Breaking My Heart,40220
3/29/20 17:02,Enrique Iglesias,I Like It - Jason Nevins Remix,33346
3/29/20 17:03,Saint Motel,Cold Cold Man,27422
3/29/20 17:06,Bad Suns,One Magic Moment,141833
3/29/20 17:10,Wallows,Drunk on Halloween,237026
3/29/20 17:13,Coast Modern,Guru,204066
3/29/20 17:17,Fitz and The Tantrums,The Walker,233133
3/29/20 17:20,Kyd the Band,American Dreamer,191041
3/29/20 17:24,Telekinesis,Power Lines,243733
3/29/20 17:27,c a n d i d !,Sarah,166765
3/29/20 17:31,Yoke Lore,Hold Me Down,269293
3/29/20 17:33,Florence + The Machine,Dog Days Are Over,64686
3/29/20 17:35,X Ambassadors,BOOM,1070
3/29/20 17:35,Saint Motel,Cold Cold Man,220
3/29/20 17:35,COIN,Talk Too Much,1760
3/29/20 17:35,Sylvan Esso,Hey Mami,310
3/29/20 17:35,The Griswolds,Out Of My Head,157723
3/29/20 17:35,Brother Moses,Older,850
3/29/20 17:44,Charles Brand,Malibu Yurt,6852
3/29/20 17:45,Grouplove,Good Morning,1020
3/29/20 17:45,Grouplove,Good Morning,1830
3/29/20 17:45,The Mowgli's,Hard to Love,2450
3/29/20 17:45,The Mowgli's,Hard to Love,1190
3/29/20 17:45,Moon Taxi,Now's The Time,1840
3/29/20 17:45,The Mowgli's,Spacin Out,1050
3/29/20 17:45,Coast Modern,Animals,2790
3/29/20 17:48,COIN,Cemetery,177106
3/29/20 17:51,Saint Motel,Sweet Talk,192040
3/29/20 17:54,Cold War Kids,No Reason To Run,192680
3/29/20 17:58,Fancy Reagan,Knock Me Out,223020
3/29/20 18:01,The Score,Unstoppable,192106
3/29/20 18:03,Bad Suns,Daft Pretty Boys,9060
3/29/20 18:03,Baths,Aminals,116465
3/29/20 18:03,AWOLNATION,Passion,2350
3/29/20 18:03,Florence + The Machine,Cosmic Love,880
3/29/20 18:03,Smallpools,Street Fight,3160
3/29/20 18:03,Grouplove,Welcome to Your Life,1440
3/29/20 18:03,Robby Hunter Band,Hard on Me,2590
3/29/20 18:08,CHAPPY,Colorado,267611
3/29/20 18:12,Colony House,Moving Forward,217986
3/29/20 18:16,Jukebox The Ghost,Fred Astaire,219000
3/29/20 18:20,The California Honeydrops,Crazy Girls,237546
3/29/20 18:46,Wild Party,When I Get Older,390
3/29/20 18:46,The Strumbellas,We Don't Know,258714
3/29/20 18:46,MAGIC GIANT,Set On Fire,590
3/29/20 18:47,The New Electric Sound,Tango,0
3/29/20 18:47,The Strumbellas,One Hand Up,340
3/29/20 18:47,Jukebox The Ghost,Everybody's Lonely,0
3/29/20 18:47,Judah & the Lion,pictures feat. Kacey Musgraves,0
3/29/20 18:47,Lana Del Rey,Young And Beautiful,200
3/29/20 18:47,The Colourist,Wishing Wells,0
3/29/20 18:47,Lana Del Rey,Fuck it I love you,0
3/29/20 18:47,Of Monsters and Men,Dirty Paws,580
3/29/20 18:47,Lana Del Rey,Doin' Time,0
3/29/20 18:47,The Band CAMINO,14-Feb,0
3/29/20 18:47,The Oh Hellos,Trees,5390
3/29/20 18:47,HARBOUR,Judy You Hung the Moon,0
3/29/20 18:47,Grizfolk,Waiting For You,1300
3/29/20 18:47,Ariana Grande,Don’t Call Me Angel (Charlie’s Angels) (with Miley...,1130
3/29/20 18:51,Lana Del Rey,Norman fucking Rockwell,248934
3/29/20 18:52,Lana Del Rey,Summertime Sadness,1730
3/29/20 18:52,Lana Del Rey,Born To Die,26345
3/29/20 18:52,Ambrosia,How Much I Feel,1320
3/29/20 18:52,The Beach Boys,God Only Knows - Remastered,2180
3/29/20 18:55,Elton John,I'm Still Standing,183440
3/29/20 18:58,The Monkees,I'm a Believer - 2006 Remaster,167373
3/29/20 19:01,Chad & Jeremy,A Summer Song,19123
3/29/20 19:01,Bee Gees,If I Can't Have You,15710
3/29/20 19:01,Dolly Parton,Jolene,161533
3/29/20 19:02,Dolly Parton,Here You Come Again,65050
3/31/20 20:18,Dolly Parton,Here You Come Again,114436
3/31/20 20:19,Keane,Somewhere Only We Know,11700
3/31/20 20:19,Jukebox The Ghost,Girl,46893
3/31/20 20:23,Miley Cyrus,Rainbowland (feat. Dolly Parton),265373
3/31/20 20:24,Miley Cyrus,Rainbowland (feat. Dolly Parton),640
3/31/20 20:31,Dolly Parton,Islands In the Stream,251960
3/31/20 21:09,Ingrid Michaelson,The Lotto,522
3/31/20 21:09,Dolly Parton,Here You Come Again,6037
3/31/20 21:09,Jukebox The Ghost,Girl,1149
4/2/20 15:33,Keane,Somewhere Only We Know,160834
4/2/20 15:33,ABBA,Dancing Queen,267
4/3/20 0:44,The Piano Guys,Me and My Cello (Happy Together),185840
4/3/20 0:48,Vitamin String Quartet,Royals,203426
4/3/20 0:53,Village People,Y.M.C.A.,286666
4/3/20 0:57,Gloria Gaynor,I Will Survive - 1981 Re-recording,261173
4/3/20 1:01,The Piano Guys,Rockelbel's Canon (Pachelbel Canon in D),228866
4/3/20 1:04,ABBA,"Money, Money, Money",186786
4/3/20 1:07,Vitamin String Quartet,Radioactive,189559
4/3/20 1:11,Wham!,Wake Me Up Before You Go-Go,231333
4/3/20 1:15,Tina Turner,What's Love Got to Do with It,226880
4/3/20 1:17,Daniel Jang,Young Dumb & Broke,143357
4/3/20 1:21,Josh Vietti,Black & Yellow,220609
4/3/20 1:26,Dexys Midnight Runners,Come On Eileen,287306
4/3/20 1:30,David Bowie,Starman - 2012 Remaster,254293
4/3/20 1:57,Brooklyn Duo,Beautiful Day,241695
4/3/20 2:01,S Club 7,Reach - Radio Edit,243266
4/3/20 2:04,ABBA,Mamma Mia,215266
4/3/20 2:08,Benny Martin,Canon In D (Piano & Cello),244090
4/3/20 2:12,2CELLOS,Moon River,192840
4/3/20 2:14,Vitamin String Quartet,Sunflower (feat. ThatViolaKid),164573
4/3/20 2:18,The Piano Guys,Because of You,242853
4/3/20 2:22,Cyndi Lauper,Time After Time,243066
4/3/20 2:26,Dallas String Quartet,Hey Soul Sister,223440
4/3/20 2:30,ABBA,Super Trouper,251786
4/3/20 2:34,Midnite String Quartet,Roses,189774
4/3/20 2:36,The Piano Guys,Avengers/Portals,177000
4/3/20 2:39,The Romantics,What I Like About You,175400
4/3/20 2:44,Modern English,I Melt with You,251573
4/3/20 14:54,Dolly Parton,Islands In the Stream,251960
4/3/20 14:56,Waylon Jennings,Mammas Don't Let Your Babies Grow up to Be Cowboys,110549
4/3/20 14:59,The Monkees,I'm a Believer - 2006 Remaster,167373
4/3/20 15:03,Neil Diamond,"America - From ""The Jazz Singer"" Soundtrack",257600
4/3/20 15:06,Paul Simon,Me and Julio Down by the Schoolyard,164813
4/3/20 15:08,Joni Mitchell,Big Yellow Taxi,134800
4/3/20 15:11,The Monkees,Daydream Believer,179613
4/3/20 15:14,Glen Campbell,Gentle On My Mind - Remastered 2001,178626
4/3/20 15:16,Trisha Yearwood,She's In Love With The Boy - Single Version,4202
4/3/20 15:16,John Denver,Leaving on a Jet Plane,118909
4/4/20 2:36,Roger Eno,Cerulean Blue,4629
4/4/20 2:36,paris match,cerulean blue,20800
4/4/20 20:45,Vitamin String Quartet,Shape of You,99430
4/4/20 20:48,The Script,Paint the Town Green,211800
4/4/20 20:52,Andy Grammer,Keep Your Head Up,189933
4/4/20 21:11,Sheppard,Hometown,181468
4/4/20 21:15,American Authors,Do My Own Thing,196656
4/4/20 21:18,Ben Rector,Drive,170066
4/4/20 21:18,Sara Bareilles,Brave,5456
4/4/20 21:19,Rag'n'Bone Man,Human,626
4/4/20 21:19,John Mayer,New Light,417
4/4/20 21:19,The Tuesday Crew,Summer Lovin',1277
4/4/20 21:19,Glass Animals,Gooey,0
4/4/20 21:19,Tame Impala,The Less I Know The Better,0
4/4/20 21:19,SALES,Chinese New Year,2647
4/4/20 21:19,Lewis Del Mar,Malt Liquor,522
4/4/20 21:19,Saint Motel,For Elise,905
4/4/20 21:19,Surfaces,Sunday Best,545
4/4/20 21:19,Surfaces,Sunday Best,406
4/4/20 21:19,Clay Finnesand,R.G.T.,464
4/4/20 21:19,Clay Finnesand,R.G.T.,1451
4/4/20 21:19,SafetySuit,Perfect Color,64110
4/4/20 21:19,The Maine,Another Night On Mars,592
4/4/20 21:19,David Bowie,Starman - 2012 Remaster,893
4/4/20 21:19,Jukebox The Ghost,Jumpstarted,487
4/4/20 21:19,BabyJake,Cigarettes On Patios,731
4/4/20 21:19,Juice,September Told Me,359
4/4/20 21:19,Robby Hunter Band,Corazón,429
4/4/20 21:19,Mipso,Carolina Calling,429
4/4/20 21:24,Glass Animals,Gooey,289306
4/4/20 21:27,Kasbo,Places We Don't Know,204532
4/4/20 21:30,Portugal. The Man,Feel It Still,163253
4/4/20 21:33,Surfaces,Sunday Best,158571
4/4/20 21:36,Tame Impala,The Less I Know The Better,216320
4/4/20 21:40,Sammy Rae & The Friends,Talk It Up,238480
4/4/20 21:44,Morningsiders,Freida,204200
4/4/20 21:47,Valley,You,212760
4/4/20 21:50,Stephen Day,Dancing in the Street,199026
4/4/20 21:53,Lawrence,Casualty,143893
4/4/20 21:57,Jordy Searcy,Love & War in Your Twenties,250547
4/4/20 22:00,Ben Rector,Duo,202586
4/4/20 22:04,Lake Street Dive,Good Kisser,218493
4/4/20 22:07,Jukebox The Ghost,Stay the Night,170647
4/4/20 22:11,Sammy Rae & The Friends,The Feeling,236213
4/4/20 22:13,Johnnyswim,Ring the Bells,152933
4/4/20 22:17,Hippo Campus,Bambi - Recorded at Spotify Studios NYC,202617
4/4/20 22:20,Cody Fry,Vegas,183361
4/4/20 22:21,Ingrid Michaelson,The Lotto,49903
4/4/20 22:25,The Tuesday Crew,Summer Lovin',241243
4/4/20 22:28,Wild Party,Chasin' Honey,189960
4/4/20 22:32,Juice,September Told Me,255880
4/4/20 22:33,Stephen Day,Twenty Two and Some Change,46432
4/4/20 22:36,Jukebox The Ghost,Hollywood,205826
4/4/20 22:38,Ingrid Michaelson,You and I,1660
4/4/20 22:38,Ben Rector,Drive,824
4/4/20 22:38,Logan Smith,The Thought of You,108942
4/4/20 22:42,Young Mister,Carolina,247357
4/4/20 22:46,Early Eyes,Penelope,236634
4/4/20 22:50,Bad Suns,Violet,198400
4/4/20 22:53,HARBOUR,Runaway Kids,224343
4/4/20 23:02,Will Campisano,Weatherman,196793
4/4/20 23:04,Ben Rector,Brand New,2914
4/4/20 23:04,Lake Street Dive,You Go Down Smooth,96810
4/4/20 23:04,American Authors,Pocket Full Of Gold,2147
4/4/20 23:08,Surfaces,Palm Trees,260000
4/4/20 23:12,RELIC,Winter,235598
4/4/20 23:16,Jukebox The Ghost,Girl - The Wild Honey Pie Buzzsession,229936
4/4/20 23:20,Bronze Radio Return,With Me All Along,226710
4/4/20 23:23,The Happy Fits,Achey Bones,201906
4/4/20 23:27,HARBOUR,Judy You Hung the Moon,210000
4/4/20 23:31,The National Parks,You Are Gold,216653
4/4/20 23:33,Ben Rector,I Like You,138517
4/4/20 23:36,Your Neighbors,Chicken,207849
4/4/20 23:40,Hippo Campus,baseball,198106
4/4/20 23:44,Lawrence,Probably Up,254653
4/5/20 1:08,Ben Rector,"30,000 Feet",2159
4/5/20 1:08,Penny and Sparrow,Don't Wanna Be Without Ya,3343
4/5/20 1:08,The Band CAMINO,14-Feb,84870
4/5/20 17:55,Surfaces,24 / 7 / 365,177000
4/5/20 17:57,Jacob Sigman,Good Morning Beauty Queen,141444
4/5/20 18:01,Jordy Searcy,Why Can't We Be Friends?,207656
4/5/20 18:04,Colony House,Silhouettes,177773
4/5/20 18:04,Rozzi,Joshua Tree,37372
4/5/20 18:04,Melt,Sour Candy,15927
4/5/20 18:08,Valley,There's Still A Light In The House,203106
4/5/20 18:12,Sam Burchfield,Valentine Girl,235640
4/5/20 18:15,Danny and Alex,Who's Been Smoking You Out?,194400
4/5/20 18:18,Wild Rivers,A Week Ago,163448
4/5/20 18:22,Ben Rector,Kids,257493
4/5/20 18:24,Jordy Searcy,Explaining Jesus,112733
4/5/20 18:28,My Brothers And I,Maddy Brown,219695
4/5/20 18:32,fun.,The Gambler,251266
4/5/20 18:37,Johnnyswim,Summertime Romance,304293
4/5/20 18:41,Jacob Sigman,Think About You,257648
4/5/20 18:59,Champagne Lane,Golden Hour,278011
4/5/20 19:21,Cody Fry,Go,68654
4/5/20 19:25,Jukebox The Ghost,Fred Astaire,219000
4/5/20 19:27,Jake Scott,Tuesdays,141094
4/5/20 19:31,The Happy Fits,"So Alright, Cool, Whatever",191360
4/5/20 19:34,Stephen Day,Hey Lady,230103
4/5/20 19:38,Colony House,Moving Forward,217986
4/5/20 19:42,Birdtalker,Graveclothes,227105
4/5/20 19:45,The Mowgli's,I Feel Good About This,201527
4/5/20 19:49,Bleachers,Don't Take The Money,215546
4/5/20 19:53,A Great Big World,Kaleidoscope,229320
4/5/20 19:56,Ripe,Downward,224411
4/5/20 20:00,Honest Men,I'm Okay,191798
4/5/20 20:03,Jukebox The Ghost,Everybody's Lonely,185693
4/5/20 20:23,Ben Rector,Extraordinary Magic,173040
4/5/20 20:27,Joe Hertler & The Rainbow Seekers,Find Me,257786
4/5/20 20:30,Morningsiders,Empress,199742
4/5/20 20:34,PEABOD,Steady,233346
4/5/20 20:37,Stephen Day,All the Time in the World,163146
4/5/20 20:40,Jordy Searcy,Just Like Autumn,215080
4/5/20 20:44,HARBOUR,Get You High,234176
4/5/20 20:48,Hippo Campus,Buttercup,226610
4/5/20 20:49,Vulfpeck,Animal Spirits,64932
4/5/20 20:52,Jukebox The Ghost,Hollywood,3401
4/5/20 20:52,The Mowgli's,Hard to Love,2240
4/5/20 20:52,Colony House,You Know It,153774
4/5/20 20:52,The Shadowboxers,Honeymoon,22627
4/5/20 20:53,American Authors,Do My Own Thing,49771
4/5/20 20:57,Elliot Root,"June, After Dark",219133
4/5/20 21:00,Bad Suns,One Magic Moment,217333
4/5/20 21:04,The Tragic Thrills,Tears,212560
4/5/20 21:06,Colony House,Silhouettes,104922
4/5/20 21:09,Jimmy Buffett,Cheeseburger In Paradise,171600
4/5/20 21:12,Jimmy Buffett,"Changes In Latitudes, Changes In Attitudes",194466
4/5/20 21:14,Jimmy Buffett,Pencil Thin Mustache,0
4/5/20 21:14,Jimmy Buffett,A Pirate Looks At Forty,452
4/5/20 21:14,Jimmy Buffett,He Went To Paris,696
4/5/20 21:14,Jimmy Buffett,Margaritaville,1149
4/5/20 21:14,Jimmy Buffett,Come Monday,0
4/5/20 21:14,Jimmy Buffett,Grapefruit - Juicy Fruit,801
4/5/20 21:14,Jimmy Buffett,Boat Drinks,0
4/5/20 21:14,Jimmy Buffett,Why Don't We Get Drunk,1010
4/5/20 21:14,Jimmy Buffett,Son Of A Son Of A Sailor,81217
4/5/20 21:17,The Beatles,In My Life - Remastered 2009,2507
4/5/20 21:17,Jimmy Buffett,Come Monday,188093
4/5/20 21:17,Jimmy Buffett,Grapefruit - Juicy Fruit,7441
4/5/20 21:17,The Beatles,Here Comes The Sun - Remastered 2009,1149
4/5/20 21:17,Joni Mitchell,Big Yellow Taxi,3401
4/5/20 21:20,Journey,Any Way You Want It,201866
4/5/20 21:23,Creedence Clearwater Revival,Bad Moon Rising,141600
4/5/20 21:27,Billy Joel,The River of Dreams,247626
4/5/20 21:31,Eagles,Peaceful Easy Feeling - 2013 Remaster,257962
4/5/20 21:38,Eagles,Lyin' Eyes - 2013 Remaster,381998
4/5/20 21:38,Queen,Radio Ga Ga - Live Aid,49754
4/5/20 21:42,Elton John,Your Song,241786
4/5/20 21:47,Billy Joel,My Life,284000
4/5/20 21:50,John Lennon,Imagine - Ultimate Mix,186213
4/5/20 21:53,Queen,Crazy Little Thing Called Love - Remastered 2011,163373
4/5/20 21:59,Elton John,Goodbye Yellow Brick Road - Remastered 2014,192826
4/5/20 22:00,Grateful Dead,Casey Jones - 2013 Remaster,61214
4/5/20 22:03,Queen,Don't Stop Me Now - …revisited,217824
4/5/20 22:04,Steve Miller Band,The Joker,17160
4/5/20 22:07,Shaggy,It Wasn't Me,227600
4/5/20 22:11,Shaggy,All About Love,216640
4/6/20 17:54,Shaggy,Don't Ask Her That,136672
4/6/20 21:22,Audrey Hepburn,Moon River (From Breakfast at Tiffany's) [Remaster...,47263
4/6/20 21:26,Audrey Hepburn,Moon River (From Breakfast at Tiffany's) [Remaster...,10826
4/6/20 21:30,Frank Sinatra,Moon River,199133
4/6/20 21:32,Frank Sinatra,Fly Me To The Moon (In Other Words),147000
4/6/20 21:35,Frank Sinatra,That's Life,187040
4/6/20 21:39,Frank Sinatra,Come Fly With Me - Remastered,199093
4/6/20 21:42,Frank Sinatra,"Theme From New York, New York",204146
4/6/20 21:45,Frank Sinatra,The Way You Look Tonight,202160
4/6/20 21:48,Dean Martin,Ain't That A Kick In The Head,147293
4/6/20 22:04,Dean Martin,That's Amore,102928
4/6/20 22:04,Frank Sinatra,I've Got The World On A String,0
4/6/20 22:06,Elvis Presley,I Got Lucky,115720
4/6/20 22:09,Nat King Cole,When I Fall In Love - Remastered,191200
4/6/20 22:12,Michael Bublé,Nobody but Me,179640
4/6/20 22:14,Dean Martin,Everybody Loves Somebody,161640
4/6/20 22:18,Etta James,A Sunday Kind Of Love,196133
4/6/20 22:21,Carpenters,Top Of The World,179173
4/6/20 22:25,Diana Krall,Feels Like Home,261506
4/6/20 22:28,Nat King Cole,Smile,173266
4/6/20 22:31,Frankie Valli & The Four Seasons,Big Girls Don't Cry,148013
4/6/20 22:34,Michael Bublé,Crazy Little Thing Called Love,189666
4/6/20 22:39,Elvis Presley,Love Me Tender - with The Royal Philharmonic Orche...,205226
4/6/20 22:42,Bobby Darin,Dream Lover,150706
4/6/20 22:44,"Harry Connick, Jr.",It Had to Be You (Big Band and Vocals),158226
4/6/20 22:47,Louis Armstrong,What A Wonderful World - Single Version,139226
4/6/20 22:49,Paul Anka,Put Your Head On My Shoulder,154733
4/6/20 23:24,Frankie Valli & The Four Seasons,"December, 1963 (Oh What a Night!)",197146
4/6/20 23:27,Frank Sinatra,You Make Me Feel So Young - Remastered 1998,177400
4/6/20 23:30,Elvis Presley,Stuck on You,139640
4/6/20 23:33,Michael Bublé,Save the Last Dance for Me,218613
4/6/20 23:36,Sam Cooke,You Send Me,165560
4/6/20 23:39,Frank Sinatra,Young At Heart,174466
4/6/20 23:40,Frank Sinatra,The Lady Is A Tramp - Remastered,68532
4/6/20 23:43,Frank Sinatra,Put Your Dreams Away (For Another Day),186173
4/6/20 23:46,Sam Cooke,Another Saturday Night,160000
4/6/20 23:50,Diana Krall,Let's Fall In Love,258960
4/6/20 23:52,Ella Fitzgerald,It's Only A Paper Moon,104310
4/6/20 23:53,Frank Sinatra,Luck Be A Lady,30325
4/6/20 23:56,Frank Sinatra,I've Got You Under My Skin - Remastered 1998,223760
4/6/20 23:58,Sam Cooke,Bring It On Home to Me,106545
4/7/20 0:03,Decorator,Heart Is a Muscle,262173
4/7/20 0:06,Summer Salt,Candy Wrappers,194418
4/7/20 0:07,Bleachers,Goodmorning,67901
4/7/20 0:18,Suede Silver,Spooky Chills,162083
4/7/20 0:21,Young the Giant,Silvertongue,197426
4/7/20 0:24,Early Eyes,Shake Me Awake,166206
4/7/20 0:27,Trash Panda,Heartbreak Pulsar,177360
4/7/20 0:30,Coast Modern,Guru,204066
4/7/20 0:33,Matt and Kim,Hey Now,169480
4/7/20 0:36,Local Natives,Dark Days,180413
4/7/20 0:40,MisterWives,Our Own House,232186
4/7/20 0:46,Magic City Hippies,Limestone,209164
4/7/20 0:50,Young the Giant,Apartment,235800
4/7/20 0:56,Lapalux,Don't Mean A Thing,348741
4/7/20 0:57,Tyrone Briggs,Get on Up,68284
4/7/20 1:01,Kishi Bashi,Honeybody,266453
4/7/20 1:05,Julian Casablancas,11th Dimension,243333
4/7/20 1:09,Undecided Future,Intoxicated,206500
4/7/20 1:12,Muse,Starlight,193345
4/7/20 1:15,Bleachers,Hate That You Know Me,185853
4/7/20 1:19,Magic Bronson,Evil Plans,220648
4/7/20 1:22,Vacation Manor,A Toast and a Spirit,209453
4/7/20 1:27,fun.,Some Nights,277040
4/7/20 1:28,Mainland,I Found God,58370
4/7/20 1:28,Quinn XCII,Good Thing Go,17365
4/7/20 1:32,Coast Modern,Dive,208306
4/7/20 1:38,The Mowgli's,Kansas City,182092
4/7/20 1:41,BØRNS,Electric Love,218106
4/7/20 1:45,Jukebox The Ghost,Victoria,224373
4/7/20 21:54,Brother Moses,Older,62647
4/7/20 21:58,Elton John,Goodbye Yellow Brick Road - Remastered 2014,192826
4/7/20 22:06,Don McLean,American Pie,516893
4/7/20 22:09,The Beatles,Here Comes The Sun - Remastered 2009,185733
4/7/20 22:13,Billy Joel,Vienna,214240
4/7/20 22:15,Paul Simon,Me and Julio Down by the Schoolyard,113922
4/7/20 22:18,Elton John,I'm Still Standing,183440
4/7/20 22:41,Lobo,Me and You and a Dog Named Boo,91727
4/7/20 22:42,Eminem,Yellow Brick Road,69752
4/7/20 22:46,Fort Minor,Remember the Name (feat. Styles of Beyond),230493
4/7/20 22:49,The Score,Legend,189120
4/7/20 22:54,Kanye West,Stronger,311866
4/8/20 1:26,Eminem,"Lose Yourself - From ""8 Mile"" Soundtrack",326466
4/8/20 1:27,Miley Cyrus,Party In The U.S.A.,4061
4/8/20 1:30,The Score,Unstoppable,192106
4/8/20 1:33,B.o.B,Magic (feat. Rivers Cuomo),196133
4/8/20 1:34,Hailee Steinfeld,You're Such A,74529
4/8/20 1:34,Sara Bareilles,Love Song,975
4/8/20 1:34,Train,Play That Song,731
4/8/20 1:34,American Authors,What We Live For,1996
4/8/20 1:38,The Score,Higher,214613
4/8/20 1:42,Fall Out Boy,Centuries,228360
4/8/20 1:45,Royal Deluxe,Dangerous,220173
4/8/20 1:49,Zayde Wølf,Gladiator,188333
4/8/20 1:52,Welshly Arms,Legendary,232173
4/8/20 1:56,The Phantoms,Watch Me,214874
4/8/20 2:01,Eminem,'Till I Collapse,297786
4/8/20 2:04,Sam Tinnesz,Legends Are Made,169758
4/8/20 2:07,Imagine Dragons,Believer,204346
4/8/20 2:10,Oh The Larceny,Can't Stop Me Now,180505
4/8/20 2:13,Panic! At The Disco,The Greatest Show,174306
4/8/20 2:16,Andy Grammer,Keep Your Head Up,189933
4/8/20 2:21,Rascal Flatts,Life is a Highway,276320
4/8/20 2:23,Jonas Brothers,Lovebug,111323
4/8/20 2:26,Sam Hunt,Body Like A Back Road,162546
4/8/20 2:29,The Score,Going Home,198480
4/8/20 2:32,AJR,100 Bad Days,212783
4/8/20 2:36,American Authors,Deep Water,198093
4/8/20 2:39,Imagine Dragons,Mouth Of The River,221560
4/8/20 2:42,Scotty Sire,Sad Song,179969
4/8/20 20:10,Sara Bareilles,Love Song,81272
4/8/20 20:39,Bobby McFerrin,Don't Worry Be Happy,293363
4/8/20 20:44,Charles Trenet,La mer,201840
4/8/20 20:44,Fred Astaire,Puttin' on the Ritz,19029
4/8/20 20:45,Alain Souchon,J'ai dix ans,16810
4/8/20 20:47,Frank Sinatra,Fly Me To The Moon - Remastered,147520
4/8/20 20:48,Charles Trenet,Douce France,42411
4/8/20 20:51,Édith Piaf,La Vie en rose,187733
4/8/20 20:53,Louis Armstrong,What A Wonderful World - Single Version,139226
4/8/20 20:55,Billie Holiday,I'll Be Seeing You,85254
4/8/20 20:55,Vanessa Paradis,Ces mots simples,34410
4/8/20 20:59,Enzo Enzo,Juste quelqu'un de bien,247333
4/8/20 21:03,Márcio Faraco,Paris,201807
4/8/20 21:05,Coralie Clement,La mer opale,167266
4/8/20 21:08,Baguette Quartette,En douce,144213
4/8/20 21:12,Paris Combo,On N'a Pas Besoin,247666
4/8/20 21:14,Serge Gainsbourg,Elaeudanla téitéia,99053
4/8/20 21:16,Serge Gainsbourg,Marilou sous la neige,143357
4/8/20 21:19,Barbara,Si la photo est bonne,172160
4/8/20 21:31,paris match,cerulean blue,2950
4/8/20 21:33,Brigitte Bardot,Un jour comme un autre,140826
4/8/20 21:36,Baguette Quartette,En douce,144213
4/8/20 21:39,Chantal Chamberland,Vous qui passez sans me voir,142029
4/8/20 21:39,Paris Combo,Fibre De Verre,191146
4/9/20 0:14,Afroman,Because I Got High - Extended Version,1898
4/9/20 0:14,LMFAO,Shots,222133
4/10/20 19:33,Beyoncé,Pretty Hurts,6468
4/10/20 19:33,Frank Sinatra,Come Fly With Me - Remastered,8614
4/10/20 19:33,Beyoncé,Irreplaceable,227853
4/10/20 19:36,Dean Martin,Blue Moon,26296
4/10/20 19:36,Dean Martin,Everybody Loves Somebody,12283
4/10/20 19:36,Frank Sinatra,Fly Me To The Moon - Remastered,145937
4/10/20 21:03,Audrey Hepburn,Moon River (From Breakfast at Tiffany's) [Remaster...,88607
4/10/20 21:06,Elvis Presley,Can't Help Falling in Love,182360
4/10/20 21:15,Frank Sinatra,"Theme From New York, New York",204146
4/10/20 21:18,Frank Sinatra,The Way You Look Tonight,202160
4/10/20 21:20,Dean Martin,Ain't That A Kick In The Head,147293
4/10/20 21:24,Charles Trenet,La mer,201840
4/10/20 21:27,Édith Piaf,La Vie en rose,187733
4/10/20 21:29,Frank Sinatra,Fly Me To The Moon - Remastered,147146
4/10/20 21:33,Frank Sinatra,Come Fly With Me - Remastered,199093
4/10/20 21:33,Audrey Hepburn,Moon River (From Breakfast at Tiffany's) [Remaster...,27036
4/10/20 21:34,Billy Joel,Scenes from an Italian Restaurant,75836
4/10/20 21:37,The Supremes,You Can't Hurry Love,167933
4/10/20 21:41,Neil Diamond,Sweet Caroline,203573
4/10/20 21:44,The Jackson 5,I Want You Back,176333
4/10/20 21:47,Paul Simon,Father and Daughter,180939
4/10/20 21:50,Daryl Hall & John Oates,You Make My Dreams (Come True),190626
4/10/20 21:54,Frankie Valli & The Four Seasons,Who Loves You,255600
4/10/20 21:57,The Temptations,Ain't Too Proud To Beg,156173
4/10/20 21:57,The Monkees,Daydream Believer,20832
4/10/20 22:30,Gene Kelly,Singin' In The Rain,1671
4/10/20 22:30,Carole King,Where You Lead,153600
4/10/20 22:32,The Beach Boys,Surfin' U.S.A. - Remastered,149373
4/10/20 22:38,Billy Joel,Piano Man,339000
4/10/20 22:38,Bill Withers,Lean on Me,2078
4/10/20 22:38,James Taylor,How Sweet It Is (To Be Loved By You) - 2019 Remast...,25889
4/10/20 22:41,The Monkees,I'm a Believer - 2006 Remaster,31079
4/10/20 22:44,The Temptations,My Girl,165000
4/10/20 22:46,Simon & Garfunkel,Cecilia,117841
4/10/20 22:50,Billy Joel,Only the Good Die Young,235560
4/10/20 22:54,Stevie Wonder,Sir Duke,232760
4/10/20 22:54,Frankie Valli,My Eyes Adored You,50156
4/10/20 22:59,Elton John,Don't Go Breaking My Heart,271133
4/10/20 23:02,Michael Bublé,You've Got a Friend in Me,205693
4/10/20 23:03,Sam Cooke,(What A) Wonderful World,40489
4/10/20 23:03,Louis Prima,Pennies From Heaven,1834
4/10/20 23:07,Bill Withers,Lovely Day,254560
4/10/20 23:14,Jimmy Buffett,Cheeseburger In Paradise,47656
4/10/20 23:14,Elton John,Tiny Dancer,377093
4/10/20 23:42,Dresses,Catch,225082
4/10/20 23:46,courtship.,Islands,206908
4/10/20 23:50,Vance Joy,Fire and the Flood,249382
4/10/20 23:52,Szymon,Blue Coloured Mountain,135680
4/10/20 23:55,STRFKR,Atlantis,151226
4/11/20 0:08,The Strumbellas,Spirits,203653
4/11/20 0:12,Grouplove,Tongue Tied,218013
4/11/20 0:18,Ostrea Lake,When the Storm Is Near,395586
4/11/20 0:21,Imagine Dragons,Warriors,170066
4/11/20 0:25,Autoheart,Moscow,234571
4/11/20 0:28,Bleachers,I Wanna Get Better,204520
4/11/20 0:34,Edward Sharpe & The Magnetic Zeros,Home - 2019 - Remaster,306373
4/11/20 0:37,Cheat Codes,Don't Say No (feat. Dresses),188706
4/11/20 0:40,WALK THE MOON,Avalanche,218720
4/11/20 0:44,Vacation Manor,Careless,195240
4/11/20 0:48,Graham Louis,Darlin',243920
4/11/20 0:49,Red Hot Chili Peppers,Under the Bridge,73720
4/11/20 0:52,Andy Grammer,Keep Your Head Up,189933
4/11/20 19:52,Eric Hutchinson,A Little More,34272
4/11/20 19:55,Matthew Wilder,Break My Stride,180240
4/11/20 19:59,Shania Twain,That Don't Impress Me Much,238706
4/11/20 20:00,TOTO,Hold the Line,42570
4/11/20 20:05,Elton John,Bennie And The Jets - Remastered 2014,322548
4/11/20 20:08,Elton John,I'm Still Standing,183440
4/11/20 20:11,Elton John,Goodbye Yellow Brick Road - Remastered 2014,192826
4/11/20 20:15,Elton John,Crocodile Rock,235440
4/11/20 20:18,Frankie Valli & The Four Seasons,"December, 1963 (Oh What a Night!)",197146
4/11/20 20:39,The Beach Boys,Wouldn't It Be Nice - Remastered,53329
4/11/20 20:42,King Harvest,Dancing in the Moonlight,181133
4/11/20 20:46,Billy Joel,My Life,284000
4/11/20 20:50,The Beach Boys,Kokomo,217093
4/11/20 20:54,Billy Joel,Uptown Girl,197706
4/11/20 20:56,Frankie Valli & The Four Seasons,Sherry,152160
4/11/20 20:58,James Taylor,You've Got a Friend - 2019 Remaster,108352
4/11/20 21:02,Dexys Midnight Runners,Come On Eileen,205933
4/11/20 21:03,Billy Joel,Piano Man,778
4/11/20 21:03,Donovan Woods,Good Lover,800
4/11/20 21:03,Good Old War,Amazing Eyes,3786
4/11/20 21:03,The Doobie Brothers,Listen to the Music,3381
4/11/20 21:03,BØRNS,Clouds,2720
4/11/20 21:03,Jackson Browne,Doctor My Eyes,68073
4/11/20 21:03,Badfinger,No Matter What - Remastered 2010,960
4/11/20 21:08,The Kooks,Bad Habit,221413
4/11/20 21:13,Of Monsters and Men,Little Talks,266600
4/11/20 21:16,American Authors,Believer,183893
4/11/20 21:20,Lewis Del Mar,Painting (Masterpiece),243413
4/11/20 21:23,SafetySuit,Looking Up,194025
4/11/20 21:24,Disturbed,The Sound of Silence,26645
4/11/20 21:24,Weezer,Island In The Sun,53
4/11/20 21:25,BENEE,Supalonely,80213
4/11/20 21:27,VHS Collection,Take My Money,864
4/11/20 21:27,The Mowgli's,Alone Sometimes,1290
4/11/20 21:27,The Strumbellas,Spirits,874
4/11/20 21:27,George Ezra,Budapest,810
4/11/20 21:27,Rivers Cuomo,Medicine for Melancholy,1365
4/11/20 21:27,Arctic Monkeys,Snap Out Of It,1397
4/11/20 21:27,Moon Taxi,Not Too Late,1482
4/11/20 21:27,Briston Maroney,I've Been Waiting,2197
4/11/20 21:27,The Wrecks,Favorite Liar,1738
4/11/20 21:27,Rayland Baxter,Willy's Song,895
4/11/20 21:27,The Strumbellas,I’ll Wait,1205
4/11/20 21:27,The Arcs,Put a Flower in Your Pocket,6048
4/11/20 21:27,The Avett Brothers,Kick Drum Heart,1813
4/11/20 21:27,The Goo Goo Dolls,So Alive,1066
4/11/20 21:27,THE DLX,Idk,63
4/11/20 21:27,Bad Suns,Away We Go,124373
4/11/20 21:28,Coast Modern,Guru,2207
4/11/20 21:28,BabyJake,Cigarettes On Patios,4565
4/11/20 21:35,Jukebox The Ghost,Jumpstarted,262626
4/11/20 21:39,Robby Hunter Band,Corazón,199453
4/11/20 21:42,Mipso,Carolina Calling,224757
4/11/20 21:47,The Maine,Another Night On Mars,266405
4/11/20 21:51,David Bowie,Starman - 2012 Remaster,254293
4/11/20 21:54,Rag'n'Bone Man,Human,200186
4/11/20 21:59,Lewis Del Mar,Malt Liquor,261120
4/11/20 22:02,Saint Motel,For Elise,203333
4/11/20 22:06,John Mayer,New Light,216014
4/12/20 22:11,Glass Animals,Gooey,22640
4/12/20 22:16,John Legend,All of Me,280960
4/12/20 22:17,Us The Duo,I Will Wait For You,1822
4/12/20 22:17,James TW,You & Me,1462
4/12/20 22:17,Jason Mraz,I'm Yours,4562
4/12/20 22:17,Colbie Caillat,Never Gonna Let You Down,1172
4/12/20 22:17,Train,"Hey, Soul Sister",10704
4/12/20 22:17,Gabrielle Aplin,Please Don't Say You Love Me,557
4/12/20 22:21,Gavin DeGraw,You Got Me,1416
4/12/20 22:21,Train,Angel in Blue Jeans,963
4/12/20 22:21,Tori Kelly,I Was Made For Loving You,684
4/12/20 22:21,James Bay,Need The Sun To Break,1508
4/12/20 22:21,John Mayer,Dreaming with a Broken Heart,1544
4/12/20 22:21,Leona Lewis,Bleeding Love,262466
4/12/20 22:21,Jason Mraz,Lucky - Live from Spotify Sessions,1416
4/12/20 22:21,Kelly Clarkson,A Moment Like This,1462
4/12/20 22:21,Colbie Caillat,Bubbly,824
4/12/20 22:22,Tony Bennett,The Way You Look Tonight,7883
4/12/20 22:25,James Bay,Hold Back The River,238746
4/12/20 22:28,Colbie Caillat,I Do,173360
4/12/20 22:32,Colbie Caillat,Bubbly,196280
4/12/20 22:36,Colbie Caillat,Brighter Than The Sun,231213
4/12/20 22:39,Jason Mraz,Lucky,191360
4/12/20 22:40,Kina Grannis,Can't Help Falling In Love,32347
4/12/20 22:42,The Poppy Family,Where Evil Grows,171000
4/12/20 22:43,Stampeders,Sweet City Woman,499
4/12/20 22:43,Nancy Sinatra,These Boots Are Made For Walkin' - Mono Single Ver...,499
4/12/20 22:43,Ringo Starr,It Don't Come Easy,1056
4/12/20 22:43,Todd Rundgren,Hello It's Me,1323
4/12/20 22:43,"Hamilton, Joe Frank & Reynolds",Don't Pull Your Love Out,557
4/12/20 22:43,Tommy James & The Shondells,I Think We're Alone Now - Single Version,12469
4/12/20 22:44,Cass Elliot,Don't Let The Good Life Pass You By,0
4/12/20 22:47,The Beach Boys,Wouldn't It Be Nice,153866
4/12/20 22:49,The Beach Boys,Surfin' U.S.A. - Remastered,149373
4/12/20 22:53,The Beach Boys,Good Vibrations - Remastered,219026
4/12/20 22:56,The Beach Boys,Kokomo,217093
4/12/20 22:57,Jimmy Buffett,Cheeseburger In Paradise,5143
4/12/20 22:57,Jackie Wilson,(Your Love Keeps Lifting Me) Higher & Higher,15603
4/12/20 22:57,Steve Miller Band,The Joker,6629
4/12/20 23:01,Jimmy Buffett,Margaritaville,250933
4/12/20 23:05,Alan Jackson,It's Five O'Clock Somewhere,230266
4/12/20 23:07,Jimmy Buffett,Tin Cup Chalice - Live,92772
4/12/20 23:10,Jimmy Buffett,Santa Stole Thanksgiving,0
4/12/20 23:10,Jimmy Buffett,"Changes In Latitudes, Changes In Attitudes",197333
4/12/20 23:13,Kenny Chesney,"No Shoes, No Shirt, No Problems",209666
4/12/20 23:14,Jimmy Buffett,Something 'Bout a Boat,53394
4/12/20 23:18,Luke Combs,When It Rains It Pours,240760
4/12/20 23:22,Luke Combs,Hurricane,222533
4/13/20 2:41,T.I.,Ball (feat. Lil Wayne),205360
4/13/20 2:44,Pitbull,Fireball (feat. John Ryan),236200
4/13/20 2:45,Juan Magán,Echa Pa Aca,2090
4/13/20 2:45,Fall Out Boy,My Songs Know What You Did In The Dark (Light Em U...,5333
4/13/20 2:45,Pitbull,Me Quedaré Contigo,1215
4/13/20 2:45,Spose,I'm Awesome,661
4/13/20 2:45,Pitbull,3 to Tango,704
4/13/20 2:45,Pitbull,Get It Started (feat. Shakira),768
4/13/20 2:49,Pitbull,3 to Tango,222252
4/13/20 2:52,Pitbull,Me Quedaré Contigo,226773
4/13/20 2:53,Enrique Iglesias,I Like It,56278
4/13/20 22:41,"Earth, Wind & Fire",September,215080
4/13/20 22:41,Tavares,Heaven Must Be Missing An Angel - Pt. 1,14220
4/13/20 22:41,KC & The Sunshine Band,Give It Up,5630
4/13/20 22:44,Tame Impala,The Less I Know The Better,216320
4/13/20 22:48,Dr. Dog,Where'd All the Time Go?,234800
4/13/20 23:04,Tame Impala,Lost In Yesterday,249586
4/13/20 23:05,Grouplove,Tongue Tied,42788
4/14/20 0:27,Luke Combs,Beer Never Broke My Heart,367931
4/14/20 0:30,Uncle Kracker,Smile,201626
4/14/20 0:31,Mark Wills,19 Somethin' - Greatest Hits Version,26542
4/14/20 0:35,Zac Brown Band,Chicken Fried,238146
4/14/20 0:36,The Chicks,Wide Open Spaces,67742
4/14/20 0:39,Jimmy Buffett,Pencil Thin Mustache,173560
4/14/20 0:42,Zac Brown Band,Make This Day,203173
4/14/20 0:47,Zac Brown Band,Toes,262773
4/14/20 0:50,Zac Brown Band,Homegrown,205000
4/14/20 0:54,Zac Brown Band,Castaway,188053
4/14/20 0:56,Zac Brown Band,I Shall Be Released (Live) [Pass the Jar - Zac Bro...,906
4/14/20 0:56,Zac Brown Band,Castaway,3711
4/14/20 0:56,Old Dominion,Make It Sweet,128245
4/14/20 0:56,Zac Brown Band,Jump Right In,1525
4/14/20 0:56,Jimmy Buffett,Pencil Thin Mustache,3573
4/14/20 0:56,Zac Brown Band,Highway 20 Ride,821
4/14/20 0:56,Zac Brown Band,Free,1237
4/14/20 0:57,Zac Brown Band,Sic 'Em on a Chicken (Live) [Pass the Jar - Zac Br...,3050
4/14/20 1:00,Charles Trenet,La mer,201840
4/14/20 1:03,Frank Sinatra,"Theme From New York, New York",204146
4/14/20 1:43,Frank Sinatra,Come Fly With Me - Remastered,199093
4/14/20 1:46,Dean Martin,Ain't That A Kick In The Head,147293
4/14/20 1:50,Frank Sinatra,The Way You Look Tonight,202160
4/14/20 1:52,Frank Sinatra,Fly Me To The Moon - Remastered,147146
4/14/20 1:55,Édith Piaf,La Vie en rose,187733
4/14/20 1:58,Elvis Presley,Can't Help Falling in Love,182360
4/14/20 2:01,Audrey Hepburn,Moon River (From Breakfast at Tiffany's) [Remaster...,123160
4/14/20 2:04,Nat King Cole,L-O-V-E,155306
4/14/20 2:06,Marvin Gaye,Ain't No Mountain High Enough,151666
4/14/20 2:10,Frankie Valli & The Four Seasons,"December, 1963 (Oh What a Night!)",197146
4/14/20 2:13,The Beach Boys,Good Vibrations - Remastered,219026
4/14/20 2:17,Billy Joel,The Longest Time,217906
4/14/20 2:18,James Taylor,You've Got a Friend - 2019 Remaster,50345
4/14/20 2:18,Harry Nilsson,The Puppy Song,3594
4/14/20 2:28,Stevie Wonder,"Signed, Sealed, Delivered (I'm Yours)",16288
4/14/20 2:30,Elton John,Don't Go Breaking My Heart,45061
4/14/20 2:48,Elton John,Don't Go Breaking My Heart,271133
4/14/20 2:51,Frankie Valli,Can't Take My Eyes off You,203680
4/14/20 2:56,Elton John,Bennie And The Jets - Remastered 2014,322548
4/14/20 2:57,Carole King,I Feel the Earth Move,52141
4/14/20 2:57,The Beatles,Here Comes The Sun - Remastered 2009,1690
4/14/20 2:57,John Denver,Annie's Song,1240
4/14/20 2:57,The Police,Every Little Thing She Does Is Magic,1220
4/14/20 3:01,Billy Joel,Uptown Girl,197706
4/14/20 3:04,Elvis Presley,Burning Love,170293
4/14/20 3:09,TOTO,Africa,295893
4/14/20 3:13,Electric Light Orchestra,Mr. Blue Sky,277596
4/14/20 16:02,Electric Light Orchestra,Mr. Blue Sky,3320
4/14/20 19:30,Glass Animals,Gooey,289306
4/14/20 19:32,Surfaces,Sunday Best,158571
4/14/20 19:49,Tame Impala,The Less I Know The Better,216320
4/14/20 19:53,Sam Burchfield,Valentine Girl,235640
4/14/20 19:57,Stephen Day,Hey Lady,230103
4/14/20 20:00,HARBOUR,Judy You Hung the Moon,210000
4/14/20 20:04,Jukebox The Ghost,Girl,213786
4/14/20 20:04,Melt,Sour Candy,25194
4/14/20 20:45,Frank Ocean,Moon River,3471
4/14/20 20:45,Cody Fry,Vegas,107740
4/15/20 0:00,Frank Sinatra,Moon River,28508
4/15/20 17:33,The Pogues,Fairytale of New York (feat. Kirsty MacColl),269120
4/16/20 0:59,Niall Horan,Slow Hands,188174
4/16/20 1:00,Wrabel,11 Blocks,67562
4/16/20 1:05,Frank Sinatra,My Way,276800
4/16/20 1:09,John Mayer,New Light,216014
4/16/20 1:11,Rex Orange County,Loving Is Easy,155720
4/16/20 1:15,Frankie Valli & The Four Seasons,"December, 1963 (Oh What a Night!)",201093
4/16/20 1:21,The Beach Boys,Good Vibrations - Remastered,217746
4/16/20 1:24,Frank Sinatra,Come Fly With Me - Remastered,199093
4/16/20 1:27,Frank Sinatra,Somethin' Stupid,162493
4/16/20 1:31,Frank Sinatra,I've Got You Under My Skin - Remastered 1998,223760
4/16/20 1:32,Frank Sinatra,Strangers In The Night,34062
4/16/20 1:34,Phil Collins,You Can't Hurry Love - 2016 Remaster,175746
4/16/20 1:35,American Authors,Best Day Of My Life,4362
4/16/20 1:35,Bobby Day,Rockin' Robin,2602
4/16/20 1:35,Andy Grammer,"Honey, I'm Good.",39913
4/16/20 1:40,Paul Simon,You Can Call Me Al,280000
4/16/20 1:45,The Killers,Mr. Brightside,222586
4/16/20 1:49,Jack Johnson,Banana Pancakes,191906
4/16/20 1:52,Journey,Any Way You Want It,201866
4/16/20 1:55,The Foundations,Build Me Up Buttercup - Mono,177533
4/16/20 1:58,Billy Joel,Uptown Girl,197706
4/16/20 2:03,Third Eye Blind,Semi-Charmed Life,268360
4/16/20 2:06,Jr. Walker & The All Stars,How Sweet It Is (To Be Loved By You),182440
4/16/20 2:09,The Cars,You Might Think,185026
4/16/20 2:13,Simon & Garfunkel,"Mrs. Robinson - From ""The Graduate"" Soundtrack",244026
4/16/20 2:14,The J. Geils Band,Centerfold,35045
4/16/20 2:17,Harry Belafonte,Jump in the Line,221704
4/16/20 2:23,Billy Joel,Piano Man,336200
4/16/20 2:24,Fountains Of Wayne,Stacy's Mom,54941
4/16/20 2:27,Jack Johnson,Upside Down,208653
4/16/20 2:30,Sam Cooke,(What A) Wonderful World,125440
4/16/20 2:33,"Earth, Wind & Fire",September,215080
4/16/20 2:37,The Jackson 5,ABC,177426
4/16/20 2:41,Stevie Wonder,Sir Duke,232760
4/16/20 2:54,Elton John,"Rocket Man (I Think It's Going To Be A Long, Long ...",65382
4/16/20 3:14,Daryl Hall & John Oates,You Make My Dreams (Come True),85120
4/16/20 3:17,Barenaked Ladies,One Week,169760
4/16/20 3:20,Jay & The Americans,Come A Little Bit Closer,166666
4/16/20 3:35,Commodores,Easy,35108
4/16/20 3:38,Jay & The Americans,Come A Little Bit Closer,166666
4/16/20 3:42,Commodores,Easy,256426
4/16/20 3:45,The Archies,"Sugar, Sugar",167186
4/16/20 3:48,Van Morrison,Brown Eyed Girl,183306
4/16/20 3:52,Bill Withers,Lovely Day,216555
4/16/20 3:58,Elton John,Tiny Dancer,377093
4/16/20 4:01,Corinne Bailey Rae,Put Your Records On,215360
4/16/20 4:07,Elton John,Bennie And The Jets - Remastered 2014,322548
4/16/20 4:10,Queen,You're My Best Friend - Remastered 2011,170800
4/16/20 4:13,Looking Glass,Brandy (You're a Fine Girl),186826
4/16/20 4:16,Jimmy Cliff,"Wonderful World, Beautiful People - Single Version",195558
4/16/20 18:57,Paul Simon,Me and Julio Down by the Schoolyard,863
4/16/20 18:57,The Isley Brothers,"Shout, Pts. 1 & 2",4992
4/16/20 18:57,Natalie Cole,This Will Be (An Everlasting Love),1461
4/16/20 18:57,Wham!,Wake Me Up Before You Go-Go,2688
4/16/20 18:57,Bobby Day,Rockin' Robin,938
4/16/20 18:57,Bob Seger,Night Moves,256
4/16/20 18:57,Matt and Kim,Daylight,108864
4/16/20 18:57,Train,"Hey, Soul Sister",2175
4/16/20 18:57,The Turtles,Happy Together,768
4/16/20 18:57,Jackie Wilson,(Your Love Keeps Lifting Me) Higher & Higher,3189
4/16/20 18:57,Edward Sharpe & The Magnetic Zeros,Home - 2019 - Remaster,917
4/16/20 18:59,Electric Light Orchestra,Mr. Blue Sky,100746
4/16/20 19:03,Timeflies,Are We There Yet,16437
4/16/20 19:03,Niall Horan,Slow Hands,188174
4/16/20 19:06,Surfaces,Sunday Best,158571
4/16/20 19:10,SALES,Chinese New Year,43150
4/16/20 19:10,Donnie Trumpet & The Social Experiment,Sunday Candy,226013
4/16/20 19:11,Jukebox The Ghost,Jumpstarted,1695
4/16/20 19:15,Glass Animals,Gooey,289306
4/16/20 19:19,Tame Impala,The Less I Know The Better,216320
4/16/20 19:23,John Mayer,New Light,216014
4/16/20 19:26,Robby Hunter Band,Corazón,199453
4/16/20 19:29,Rag'n'Bone Man,Human,200186
4/16/20 19:33,Mipso,Carolina Calling,224757
4/16/20 19:37,David Bowie,Starman - 2012 Remaster,254293
4/16/20 19:41,The Tuesday Crew,Summer Lovin',241243
4/16/20 19:46,The Maine,Another Night On Mars,266405
4/16/20 19:48,Lewis Del Mar,Malt Liquor,128224
4/16/20 19:51,Clay Finnesand,R.G.T.,201480
4/16/20 19:56,Juice,September Told Me,255880
4/16/20 19:59,Saint Motel,For Elise,203333
4/16/20 20:09,BabyJake,Cigarettes On Patios,207813
4/16/20 20:13,Ripe,Downward,224411
4/16/20 20:14,The National Parks,1953,53611
4/16/20 20:18,Stephen Day,Hey Lady,230103
4/16/20 20:20,Amos Lee,Sweet Pea,129626
4/16/20 20:22,Melt,Sour Candy,3076
4/16/20 20:22,Ben Rector,Kids,127818
4/16/20 20:26,Valley,Park Bench,214400
4/16/20 20:31,Champagne Lane,Golden Hour,278011
4/16/20 20:34,Us The Duo,Shotgun,174884
4/16/20 20:37,Bleachers,Goodmorning,193413
4/16/20 20:40,The Happy Fits,"So Alright, Cool, Whatever",183512
4/16/20 20:40,Lawrence,Oranges,1381
4/16/20 20:43,King Harvest,Dancing in the Moonlight,181133
4/16/20 20:46,Sean Kingston,Me Love,204293
4/16/20 20:51,Natasha Bedingfield,Unwritten,259333
4/16/20 20:55,Weezer,Island In The Sun,200306
4/16/20 21:02,Matt Nathanson,Come On Get Higher,215173
4/16/20 21:06,Jason Mraz,Have It All,226106
4/16/20 21:09,Frankie Valli & The Four Seasons,"December, 1963 (Oh What a Night!)",197146
4/16/20 21:13,Miley Cyrus,Rainbowland (feat. Dolly Parton),265373
4/16/20 21:18,Dolly Parton,Islands In the Stream,251960
4/16/20 21:21,Colbie Caillat,Brighter Than The Sun,231213
4/16/20 21:25,Plain White T's,Rhythm Of Love,200200
4/16/20 21:28,Corinne Bailey Rae,Put Your Records On,215360
4/16/20 21:31,Niall Horan,Seeing Blind,185280
4/16/20 21:35,Parachute,Without You,228933
4/16/20 21:39,Phillip Phillips,Home,210173
4/16/20 21:40,Paul Simon,You Can Call Me Al,48071
4/16/20 21:42,Ben Rector,I Like You,138517
4/16/20 21:45,Tom Petty and the Heartbreakers,American Girl,214733
4/16/20 21:49,Plain White T's,"1, 2, 3, 4",198360
4/16/20 21:52,The Beach Boys,Good Vibrations - Remastered,219026
4/16/20 21:57,Rob Thomas,Streetcorner Symphony,247826
4/16/20 22:00,John Denver,"Take Me Home, Country Roads",197813
4/16/20 22:03,The Mowgli's,San Francisco,173093
4/16/20 22:15,The Temptations,My Girl,165000
4/16/20 22:18,Andy Grammer,Keep Your Head Up,189933
4/16/20 22:22,Neil Diamond,Sweet Caroline,203573
4/16/20 22:25,Rob Thomas,Hold on Forever,215120
4/16/20 22:28,Natalie Cole,This Will Be (An Everlasting Love),171960
4/16/20 22:31,Neon Trees,Everybody Talks,177280
4/16/20 22:35,Harry Styles,Canyon Moon,189786
4/16/20 22:37,Rachel Platten,Better Place,176386
4/16/20 22:39,Andy Grammer,"Honey, I'm Good.",893
4/16/20 22:39,Jason Mraz,The Remedy (I Won't Worry),116719
4/16/20 22:42,Four Tops,"I Can't Help Myself (Sugar Pie, Honey Bunch)",160280
4/16/20 22:45,The Turtles,Happy Together,176293
4/16/20 22:50,Andrew Gold,Thank You for Being a Friend,280760
4/16/20 22:52,Dave Barnes,Good Day for Marrying You,162560
4/16/20 22:56,Ingrid Michaelson,The Lotto,19576
4/16/20 22:56,O.A.R.,Miss You All The Time,193760
4/16/20 22:59,Mat Kearney,Hey Mama,177613
4/16/20 23:03,Sara Bareilles,Love Song,258826
4/16/20 23:08,Train,"Save Me, San Francisco",249426
4/16/20 23:10,The Beach Boys,God Only Knows - Remastered,168695
4/17/20 19:47,Drake,Toosie Slide,1642
4/17/20 19:50,The Weeknd,Blinding Lights,200040
4/17/20 19:54,Sam Smith,I’m Ready (with Demi Lovato),200838
4/17/20 19:57,Powfu,death bed (coffee for your head),173333
4/17/20 20:00,Lil Mosey,Blueberry Faygo,162546
4/17/20 20:03,SAINt JHN,Roses - Imanbek Remix,176218
4/17/20 20:06,Dua Lipa,Don't Start Now,183290
4/17/20 20:10,Doja Cat,Say So,237893
4/17/20 20:13,Surfaces,Sunday Best,158571
4/17/20 20:16,BENEE,Supalonely,223480
4/17/20 20:20,Justin Bieber,Intentions,212868
4/17/20 20:23,Selena Gomez,Boyfriend,161188
4/17/20 20:26,Dua Lipa,Break My Heart,221820
4/17/20 20:30,Roddy Ricch,The Box,196652
4/17/20 20:32,Playboi Carti,@ MEH,166799
4/17/20 20:36,The Weeknd,In Your Eyes,237520
4/17/20 20:39,Doja Cat,Boss Bitch,134239
4/17/20 20:41,Surf Mesa,ily (i love you baby) (feat. Emilee),176546
4/17/20 20:44,Trevor Daniel,Falling,159381
4/17/20 22:05,Megan Thee Stallion,Savage,26715
4/18/20 15:35,Elton John,Levon,12585
4/19/20 16:19,Ben Rector,I Will Always Be Yours,2345
4/19/20 16:22,Vulfpeck,Animal Spirits,190801
4/19/20 16:23,Ingrid Michaelson,You and I,4702
4/19/20 16:23,Matt Nathanson,Way Way Back,835
4/19/20 16:23,Uncle Kracker,Smile,4284
4/19/20 16:23,Ray LaMontagne,You Are the Best Thing,51405
4/19/20 16:23,The Goo Goo Dolls,Come to Me,1567
4/19/20 16:27,Imagine Dragons,Mouth Of The River,221560
4/19/20 16:31,Sam.Sts,Applesauce,201610
4/19/20 17:29,Bad Suns,One Magic Moment,217333
4/19/20 17:30,Wallows,Drunk on Halloween,36356
4/19/20 17:33,Bad Suns,Violet,198400
4/19/20 17:36,Imagine Dragons,Warriors,170066
4/19/20 17:39,COIN,Cemetery,177106
4/19/20 17:43,AWOLNATION,Passion,201833
4/19/20 17:47,Felix Rabito,Anna Muse,263526
4/19/20 17:50,Castlecomer,Move,179266
4/19/20 17:54,Office Hours,Sunday,259919
4/19/20 17:58,Welshly Arms,Legendary,232173
4/19/20 18:02,Coast Modern,Guru,204066
4/19/20 18:05,Danny and Alex,Who's Been Smoking You Out?,194400
4/19/20 18:08,Matt and Kim,Hey Now,169480
4/19/20 18:11,The Mowgli's,I Feel Good About This,201527
4/19/20 18:15,Guthrie Brown,Wild Child,209653
4/19/20 18:17,The Mowgli's,Alone Sometimes,166743
4/19/20 18:20,Ashes To Amber,IRIS,151578
4/19/20 18:24,Grouplove,Tongue Tied,218013
4/19/20 18:27,COIN,Let It All Out (10:05),220880
4/19/20 18:30,Kyd the Band,American Dreamer,191041
4/19/20 18:33,The Strumbellas,I’ll Wait,176080
4/19/20 18:37,courtship.,Islands,206908
4/19/20 18:40,Matt and Kim,Not Alone,182373
4/19/20 18:43,Rainbow Kitten Surprise,All That and More (Sailboat),171025
4/19/20 18:47,Saro,Eyelids,238055
4/19/20 18:50,COIN,Talk Too Much,187133
4/19/20 18:53,Saint Motel,Sweet Talk,192040
4/19/20 18:56,Judah & the Lion,Over my head,195863
4/19/20 19:00,Andrew McMahon in the Wilderness,High Dive,227204
4/19/20 19:03,Dayglow,Nicknames,203727
4/19/20 19:07,DREAMERS,Come Down Slow,206560
4/19/20 19:10,Ra Ra Riot,Can You Tell,162813
4/19/20 19:13,Hippo Campus,Buttercup,226610
4/19/20 19:18,WILD,American Love,251813
4/19/20 19:21,Grouplove,Good Morning,219560
4/20/20 19:59,Moon Taxi,Now's The Time,172942
4/21/20 16:19,Diplo,Heartless (feat. Morgan Wallen),5979
4/21/20 16:19,Pitbull,I Believe That We Will Win (World Anthem),159249
4/21/20 16:23,Hippo Campus,South,231468
4/21/20 16:27,Matt Maeson,Cliffy,228386
4/21/20 16:30,Portugal. The Man,Feel It Still,163253
4/21/20 16:31,Tyrone Briggs,Get on Up,68284
4/21/20 17:25,Glass Animals,Youth,211604
4/21/20 17:25,Matt and Kim,Daylight,2078
4/21/20 17:25,CRUISR,Go for It,1056
4/21/20 17:39,Changing Faces,All of My Days (feat. Jay-Z),3668
4/21/20 17:39,Quad City DJ's,Space Jam,301628
4/21/20 17:39,All-4-One,I Turn to You,4643
4/21/20 17:39,Robin S,Givin' U All That I've Got,7163
4/21/20 17:39,Monica,For You I Will,5630
4/21/20 17:41,Coolio,The Winner,2681
4/21/20 17:43,Technotronic,Pump Up The Jam,13676
4/21/20 17:43,Coolio,The Winner,3517
4/21/20 17:44,The Mowgli's,Hard to Love,2263
4/21/20 17:44,All-4-One,I Turn to You,8521
4/21/20 17:47,COIN,Crash My Car,188306
4/21/20 17:55,HARBOUR,Runaway Kids,224343
4/21/20 17:58,The Cautious,San Diego,184482
4/21/20 18:02,Robby Hunter Band,Never Say No,196383
4/21/20 18:54,Logan Smith,The Thought of You,165396
4/21/20 19:11,fun.,The Gambler,84369
4/21/20 20:09,Harry Styles,Adore You,207133
4/22/20 17:31,5 Seconds of Summer,Wildflower,37898
4/22/20 17:33,John Mayer,Carry Me Away,156986
4/22/20 17:35,Bruno Major,Nothing,117565
4/22/20 17:38,Lizzo,Good as Hell,159735
4/22/20 17:41,Rex Orange County,Corduroy Dreams,206974
4/22/20 18:03,Jonas Brothers,Cool,167106
4/22/20 18:06,FINNEAS,Let's Fall in Love for the Night,190348
4/22/20 18:10,Ben Platt,Grow As We Go,241003
4/22/20 18:10,Andy Grammer,"Don't Give Up On Me - (From ""Five Feet Apart"")",2263
4/22/20 18:13,Saint Blonde,Love Me Instead,172146
4/22/20 18:16,CRUISR,Throw Shade,172986
4/22/20 18:20,Jason Polley,Wake Me Up,238000
4/22/20 18:24,MisterWives,Our Own House,232186
4/22/20 18:27,Bleachers,I Wanna Get Better,204520
4/22/20 18:31,MisterWives,Drummer Boy,240266
4/22/20 18:35,Sammy Rae & The Friends,Talk It Up,238480
4/23/20 16:15,Pitbull,Fireball (feat. John Ryan),191701
4/23/20 16:17,Pitbull,Go Girl,11946
4/23/20 16:17,DJ Snake,"Taki Taki (with Selena Gomez, Ozuna & Cardi B)",1408
4/23/20 16:17,Pitbull,Fireball (feat. John Ryan),43584
4/23/20 16:17,Jason Derulo,It Girl,63
4/23/20 16:17,B.o.B,Nothin' on You (feat. Bruno Mars),874
4/23/20 16:18,Pitbull,Dame Tu Cosita - Radio Version,44480
4/23/20 16:18,Nelly,Hot In Herre,725
4/23/20 16:18,Olly Murs,Troublemaker (feat. Flo Rida),5312
4/23/20 16:19,Major Lazer,Trigger,725
4/23/20 16:19,Sean Kingston,Beautiful Girls,0
4/23/20 16:19,Nelly,Hot In Herre,51306
4/23/20 16:19,Pitbull,No Lo Trates,1088
4/23/20 16:19,Olly Murs,Troublemaker (feat. Flo Rida),874
4/23/20 16:22,Pitbull,No Lo Trates,198453
4/23/20 16:24,Sean Kingston,Beautiful Girls,110252
4/24/20 18:23,The Ventures,Hawaii Five-O,218794
4/25/20 3:18,The Ventures,Hawaii Five-O,110229
4/26/20 16:19,The Band CAMINO,Who Says We're Through,48994
4/26/20 16:20,The Kooks,Bad Habit,4713
4/26/20 16:20,Red Hot Chili Peppers,Under the Bridge,23301
4/26/20 16:24,Phoenix,S.O.S In Bel Air,223173
4/26/20 16:27,The Mowgli's,Kansas City,182092
4/26/20 16:32,Young the Giant,Anagram,294240
4/27/20 17:28,Half the Animal,Summertime High,177026
4/27/20 17:31,Opus Orange,Balance,165138
4/27/20 17:35,The Score,Higher,214613
4/27/20 17:38,Hippo Campus,Bambi,194400
4/27/20 17:42,MisterWives,Our Own House,232186
4/27/20 17:45,Elephant Revival,Grace of a Woman,218653
4/27/20 19:12,fun.,Some Nights,173550
4/27/20 19:16,Lipps Inc.,Funky Town,239253
4/27/20 19:20,Leo Sayer,You Make Me Feel Like Dancing - Remastered,219466
4/27/20 19:25,Donna Summer,Hot Stuff,314760
4/27/20 19:28,Diana Ross,Upside Down,125155
4/27/20 19:33,Starship,We Built This City,296080
4/27/20 19:40,KC & The Sunshine Band,Get Down Tonight - 2004 Remaster,111827
4/27/20 19:40,Imagination,Music and Lights,1335
4/27/20 19:42,Kelly Marie,Feels Like I'm in Love,1544
4/27/20 19:45,Wild Cherry,Play That Funky Music - Single Version,190200
4/27/20 19:49,The Human League,Don't You Want Me,236920
4/27/20 19:52,Alicia Bridges,"I Love The Nightlife (Disco 'Round) - """,207893
4/27/20 19:53,Boney M.,Rasputin,25046
4/27/20 19:56,MFSB,T.S.O.P. (The Sound of Philadelphia) (feat. The Th...,5182
4/27/20 19:56,Sister Sledge,We Are Family,2914
4/27/20 19:56,Bee Gees,"More Than A Woman - From ""Saturday Night Fever"" So...",197213
4/27/20 20:00,Kool & The Gang,Celebration - Single Version,215653
4/27/20 20:03,Walter Murphy,A Fifth Of Beethoven,182533
4/27/20 20:07,Blondie,Heart Of Glass,229423
4/27/20 20:10,Viola Wills,Gonna Get Along Without You Now,200600
4/27/20 20:14,Village People,In The Navy,225840
4/27/20 20:19,Rose Royce,Car Wash,307573
4/27/20 20:22,KC & The Sunshine Band,That's the Way (I Like It) - 2004 Remaster,185106
4/27/20 20:26,The Pointer Sisters,Jump (Original Mix),262560
4/27/20 20:30,Gloria Gaynor,I Will Survive - Single Version,198066
4/27/20 20:35,"Earth, Wind & Fire",Boogie Wonderland,288293
4/27/20 20:41,Tavares,Heaven Must Be Missing An Angel - Pt. 1,394133
4/27/20 20:45,Kool & The Gang,Ladies Night,219959
4/27/20 20:48,The Romantics,What I Like About You,175266
4/27/20 20:51,The Bangles,Walk Like an Egyptian,203226
4/27/20 20:55,Cyndi Lauper,Girls Just Want to Have Fun,238266
4/27/20 20:58,Carl Douglas,Kung Fu Fighting,197693
4/27/20 20:59,Gloria Gaynor,Can't Take My Eyes Off of You - Black Box Mix,5695
4/27/20 21:02,Natalie Cole,This Will Be (An Everlasting Love),171360
4/27/20 21:05,Young-Holt Unlimited,Soulful Strut,181066
4/27/20 21:07,The La's,There She Goes,162160
4/27/20 21:08,George Thorogood & The Destroyers,Bad To The Bone,1369
4/27/20 21:08,Dusty Springfield,Am I the Same Girl - Remastered Version,1300
4/27/20 21:08,Betty Carter,Every Time We Say Goodbye - Remastered,1068
4/27/20 21:08,Linda Ronstadt,I Love You for Sentimental Reasons,3308
4/27/20 21:08,The Beatles,Here Comes The Sun - Remastered 2009,1277
4/27/20 21:08,Meridian Film Music Recordings,The Great Escape: March,2728
4/27/20 21:08,Shonen Knife,Top Of The World,1219
4/27/20 21:08,Hayley Mills,"Let's Get Together - From ""The Parent Trap""",2716
4/27/20 21:08,Ella Fitzgerald,Ev'ry Time We Say Goodbye,16497
4/27/20 21:10,The Lovin' Spoonful,Do You Believe in Magic?,125826
4/27/20 21:10,OMC,How Bizarre,1602
4/27/20 21:10,DJ Jazzy Jeff & The Fresh Prince,Parents Just Don't Understand - Edit,23070
4/27/20 21:13,Joe Garland,In the Mood,174200
4/27/20 21:16,The Beach Boys,Forever - Remastered 2009,162293
4/27/20 21:18,Sam Cooke,(What A) Wonderful World,125440
4/27/20 21:23,Paul Simon,You Can Call Me Al,280000
4/27/20 21:25,The Beatles,Twist And Shout - Remastered 2009,155226
4/27/20 21:28,Louis Prima,Pennies From Heaven,141666
4/27/20 21:30,Frankie Valli & The Four Seasons,Sherry,152160
4/27/20 21:33,Van Morrison,Brown Eyed Girl,183306
4/27/20 21:38,Joni Mitchell,Both Sides Now,274560
4/27/20 21:42,Stevie Wonder,Sir Duke,232760
4/27/20 21:42,New Radicals,Mother We Just Can't Get Enough,23743
4/27/20 21:44,The Zombies,This Will Be Our Year,127733
4/27/20 21:48,Ringo Starr,Photograph,239760
4/27/20 21:52,Elton John,Are You Ready For Love? - Remastered,212440
4/27/20 21:56,XTC,Then She Appeared - 2001 Remaster,231706
4/27/20 22:00,Loggins & Messina,Danny's Song,254653
4/27/20 22:03,Stevie Wonder,"Signed, Sealed, Delivered (I'm Yours)",161160
4/27/20 22:07,Orleans,Still the One,234040
4/27/20 22:09,Paul Simon,Me and Julio Down by the Schoolyard,164813
4/27/20 22:13,The Monkees,Me & Magdalena,213706
4/27/20 22:17,Kenny Loggins,"Whenever I Call You ""Friend"" (feat. Stevie Nicks)",237826
4/27/20 22:19,The Beach Boys,Wouldn't It Be Nice - Stereo Mix,153205
4/27/20 22:22,James Taylor,Your Smiling Face,165400
4/27/20 22:26,Billy Joel,The Longest Time,217906
4/27/20 22:29,Frankie Valli,Can't Take My Eyes off You,203680
4/27/20 22:33,Carole King,So Far Away,235626
4/28/20 18:45,Stevie Wonder,Isn't She Lovely,25820
4/28/20 18:45,James Taylor,How Sweet It Is (To Be Loved By You) - 2019 Remast...,1787
4/28/20 18:45,"Peter, Paul and Mary",Leaving on a Jet Plane,1706
4/28/20 18:45,The 5th Dimension,Wedding Bell Blues - Remastered 2000,2054
4/28/20 18:49,Fleetwood Mac,Dreams - 2004 Remaster,257800
4/28/20 18:50,Fleetwood Mac,Say Goodbye,30649
4/28/20 18:50,JR JR,Control (Secretly Sorry),4295
4/28/20 18:52,Post Malone,Circles - Instrumental,100437
4/28/20 18:55,The Weeknd,Blinding Lights,200040
4/28/20 20:01,ABBA,Waterloo,168826
4/28/20 21:10,Kakkmaddafakka,Dream,9171
4/28/20 21:10,Justin Bieber,Running Over,1451
4/28/20 21:10,ABBA,Super Trouper,214227
4/28/20 21:10,Khalid,Know Your Worth,6362
4/28/20 21:10,ABBA,SOS,5398
4/28/20 21:22,Colony House,Keep On Keeping On,185546
4/28/20 21:25,BENEE,Supalonely,223480
4/28/20 21:54,Jukebox The Ghost,Stay the Night,170647
4/28/20 21:59,Juice,Coconut Girl,292181
4/28/20 22:03,joan,i loved you first,227067
4/28/20 22:07,Jukebox The Ghost,Victoria,224373
4/28/20 22:11,Yam Haus,Get Somewhere,224486
4/28/20 22:44,Honest Men,I'm Okay,191798
4/28/20 22:46,Colony House,Silhouettes,177773
4/28/20 22:50,BØRNS,Electric Love,218106
4/28/20 22:54,Juice,Workin' on Lovin',234026
4/28/20 22:57,The Band CAMINO,14-Feb,163690
4/28/20 23:00,The Happy Fits,Achey Bones,201906
4/28/20 23:03,Jake Scott,Dancing in the Dawn,176733
4/28/20 23:07,Winnetka Bowling League,CVS,209173
4/28/20 23:11,Of Monsters and Men,Empire,260413
4/28/20 23:16,BØRNS,Past Lives,274320
4/28/20 23:19,The Brook & The Bluff,Halfway Up,235024
4/28/20 23:24,The Format,The First Single,266893
4/28/20 23:27,Wild Party,Chasin' Honey,189960
4/28/20 23:31,Grizfolk,Waiting For You,237853
4/28/20 23:42,The Mowgli's,Norman Rockwell,225174
4/28/20 23:46,Colony House,Moving Forward,217986
4/28/20 23:50,Of Monsters and Men,Little Talks,266600
4/30/20 18:24,Jukebox The Ghost,Fred Astaire,219000
4/30/20 18:28,Coast Modern,Dive,208306
4/30/20 18:32,Judah & the Lion,Mason-Dixon Line,235546
4/30/20 18:36,Decorator,Heart Is a Muscle,262173
4/30/20 18:40,A Great Big World,You,218133
4/30/20 18:43,BØRNS,"10,000 Emerald Pools",174693
4/30/20 18:47,Ben Rector,Green,223988
4/30/20 18:50,Josh Gilligan,Absent Mind,228467
5/1/20 21:00,The Beach Boys,Feel Flows - Remastered 2009,1290
5/1/20 21:00,The Surfaris,Wipeout,3730
5/1/20 21:00,The Ventures,Hawaii Five-O,5110
5/1/20 21:00,The Ventures,Hawaii Five-O,3676
5/1/20 21:00,The Lovin' Spoonful,Do You Believe in Magic?,9370
5/1/20 21:02,The Beach Boys,Wouldn't It Be Nice - Remastered,145106
5/1/20 21:03,Brian Wilson,Love And Mercy,3960
5/1/20 21:03,The Beach Boys,I Know There's An Answer - Remastered,3800
5/1/20 21:03,The Beach Boys,Do It Again - Remastered 2001,5660
5/1/20 21:03,The Beach Boys,Long Promised Road - Remastered 2009,10393
5/1/20 21:06,The Beach Boys,Surfin' U.S.A. - Remastered,137187
5/1/20 21:06,The Beach Boys,Good Vibrations - Remastered,0
5/1/20 21:06,The Beach Boys,God Only Knows - Remastered,1080
5/1/20 21:11,The Beach Boys,Kokomo,217093
5/1/20 21:11,Cisco Adler,Long Strange Trip...,174698
5/1/20 21:16,Rupert Holmes,Escape (The Pina Colada Song),276493
5/1/20 21:20,Jimmy Buffett,Margaritaville,250933
5/1/20 21:24,Alan Jackson,It's Five O'Clock Somewhere,230266
5/1/20 21:27,Jimmy Buffett,"Changes In Latitudes, Changes In Attitudes",197333
5/1/20 21:28,The Beach Boys,Good Vibrations - Remastered,39087
5/1/20 21:28,The Monkees,I'm a Believer - 2006 Remaster,5460
5/1/20 21:28,The Beach Boys,Wouldn't It Be Nice - Remastered,800
5/1/20 21:28,The Beach Boys,God Only Knows - Remastered,1510
5/1/20 21:28,The Beach Boys,Kokomo,1070
5/1/20 21:28,The Beach Boys,California Girls - Remix/Remastered,14440
5/1/20 21:32,Frankie Valli & The Four Seasons,"December, 1963 (Oh What a Night!)",197146
5/1/20 21:33,Bobby Darin,Beyond the Sea,110
5/1/20 21:33,The Beach Boys,Wouldn't It Be Nice - Stereo Mix,68823
5/1/20 21:33,Three Dog Night,Never Been To Spain - Single Version,1140
5/1/20 21:33,The Beach Boys,Here She Comes - Remastered 2000,90
5/1/20 21:33,The Kinks,Picture Book - 2018 Stereo Remaster,0
5/1/20 21:33,Sonny & Cher,I Got You Babe,0
5/1/20 21:33,Paul McCartney,Ebony And Ivory - Remixed 2015,160
5/1/20 21:33,Simon & Garfunkel,Homeward Bound,1110
5/1/20 21:33,Bobby Darin,Splish Splash,290
5/1/20 21:33,Badfinger,No Matter What - Remastered 2010,0
5/1/20 21:33,The Crystals,Then He Kissed Me,0
5/1/20 21:36,The Drifters,Under the Boardwalk,161960
5/1/20 21:41,George Harrison,My Sweet Lord - Remastered 2014,281226
5/1/20 22:00,The Beach Boys,"Caroline, No - Remastered",0
5/1/20 22:00,Paul McCartney,"Fuh You - Recorded At Abbey Road Studios, London",930
5/1/20 22:00,Simon & Garfunkel,Cecilia,760
5/1/20 22:00,The Beach Boys,I Get Around (Mono),0
5/1/20 22:00,Simon & Garfunkel,"Mrs. Robinson - From ""The Graduate"" Soundtrack",0
5/1/20 22:00,Simon & Garfunkel,America,613
5/1/20 22:00,Ringo Starr,Photograph,0
5/1/20 22:06,Paul Simon,Kodachrome,0
5/1/20 22:06,Paul Simon,Father and Daughter,0
5/1/20 22:06,The Supremes,Baby Love,0
5/1/20 22:06,George Harrison,What Is Life - Remastered 2014,0
5/1/20 22:06,The Beach Boys,You're So Good To Me - Remastered,0
5/1/20 22:06,Wings,Band On The Run - Remastered 2010,0
5/1/20 22:06,The Monkees,Daydream Believer,580
5/1/20 22:08,Creedence Clearwater Revival,Fortunate Son,140773
5/1/20 22:11,Creedence Clearwater Revival,Have You Ever Seen The Rain,160333
5/1/20 22:14,Creedence Clearwater Revival,Bad Moon Rising,141600
5/1/20 22:28,Creedence Clearwater Revival,Down On The Corner,166280
5/1/20 23:04,Creedence Clearwater Revival,Up Around The Bend,161466
5/1/20 23:08,Creedence Clearwater Revival,Proud Mary,187226
5/1/20 23:18,Creedence Clearwater Revival,Green River,154120
5/1/20 23:26,Creedence Clearwater Revival,Born On The Bayou,314666
5/1/20 23:29,Creedence Clearwater Revival,Lookin' Out My Back Door,152453
5/1/20 23:32,Creedence Clearwater Revival,Cotton Fields,177266
5/1/20 23:35,Dolly Parton,Here You Come Again,179491
5/1/20 23:37,Dolly Parton,9 to 5,162466
5/1/20 23:42,Miley Cyrus,Rainbowland (feat. Dolly Parton),265373
5/1/20 23:42,Creedence Clearwater Revival,Susie Q,12961
5/1/20 23:42,The Grass Roots,Sooner Or Later,820
5/1/20 23:42,The Grass Roots,Sooner Or Later,2740
5/1/20 23:42,Elvis Presley,I Got Lucky,540
5/1/20 23:42,The Turtles,Happy Together,1280
5/1/20 23:42,Frankie Valli & The Four Seasons,Who Loves You,530
5/1/20 23:42,Frankie Valli & The Four Seasons,Who Loves You,2680
5/1/20 23:45,Elvis Presley,Can't Help Falling in Love,182360
5/1/20 23:48,The Foundations,Build Me Up Buttercup - Mono,177533
5/1/20 23:51,The Archies,"Sugar, Sugar",167186
5/1/20 23:53,John Denver,"Take Me Home, Country Roads",1290
5/1/20 23:53,George Harrison,All Things Must Pass - Demo,1250
5/1/20 23:53,Frankie Valli & The Four Seasons,Big Girls Don't Cry,2450
5/1/20 23:56,The Monkees,Me & Magdalena,5856
5/1/20 23:56,Carpenters,Top Of The World,179173
5/2/20 0:00,Neil Diamond,"America - From ""The Jazz Singer"" Soundtrack",257600
5/2/20 0:01,Elvis Presley,Love Me Tender - with The Royal Philharmonic Orche...,33590
5/2/20 0:04,Dolly Parton,9 to 5,776
5/2/20 0:04,Frankie Valli & The Four Seasons,"December, 1963 (Oh What a Night!)",201093
5/2/20 0:05,Blue Swede,Hooked on a Feeling,5540
5/2/20 0:05,Carole King,So Far Away,1070
5/2/20 0:05,John Denver,Thank God I'm a Country Boy,7520
5/2/20 0:05,John Denver,Thank God I'm a Country Boy,670
5/2/20 0:05,Jay & The Americans,Come A Little Bit Closer,1600
5/2/20 0:05,Jay & The Americans,Come A Little Bit Closer,4840
5/2/20 0:05,The Poppy Family,Where Evil Grows,800
5/2/20 0:09,Dolly Parton,Islands In the Stream,251960
5/2/20 0:10,Simon & Garfunkel,Blues Run the Game - Studio Outtake - 1965,58200
5/2/20 0:12,Glen Campbell,Gentle On My Mind - Remastered 2001,2550
5/2/20 0:15,Frank Sinatra,The Way You Look Tonight,202160
5/2/20 0:19,Leo Sayer,You Make Me Feel Like Dancing - Remastered,219466
5/2/20 0:22,John Denver,"Take Me Home, Country Roads",197813
5/2/20 0:25,Dolly Parton,Jolene,161533
5/2/20 0:27,Neil Diamond,Sweet Caroline,21050
5/2/20 19:13,Vance Joy,Great Summer - Soundtrack Version Genre Alternativ...,1685
5/2/20 19:13,Dexys Midnight Runners,Come On Eileen,1002
5/2/20 19:13,Halsey,New Americana,1301
5/2/20 19:13,Trevor Hall,Green Mountain State,2560
5/2/20 19:13,George Ezra,Barcelona,874
5/2/20 19:13,MAGIC!,Rude,85
5/2/20 19:13,Charlie Puth,Marvin Gaye (feat. Meghan Trainor),213
5/2/20 19:13,George Ezra,Did You Hear the Rain?,618
5/2/20 19:16,George Ezra,Did You Hear the Rain?,9600
5/2/20 19:17,Natasha Bedingfield,Unwritten,670
5/2/20 19:17,Gentlemen Hall,Sail Into The Sun,0
5/2/20 19:17,Arcade Fire,The Suburbs,0
5/2/20 19:17,Plain White T's,Rhythm Of Love,1780
5/2/20 19:17,Jason Mraz,Have It All,830
5/2/20 19:17,GRiZ,A New Day,2850
5/2/20 19:17,San Cisco,Too Much Time Together,0
5/2/20 19:17,The New Electric Sound,Suitcase,0
5/2/20 19:20,King Harvest,Dancing in the Moonlight,181133
5/2/20 19:23,Weezer,Island In The Sun,200306
5/2/20 19:27,Sean Kingston,Me Love,204293
5/2/20 19:27,Matt Nathanson,Come On Get Higher,30646
5/2/20 19:31,Corinne Bailey Rae,Put Your Records On,215360
5/2/20 19:34,Colbie Caillat,Brighter Than The Sun,231213
5/2/20 19:38,Frankie Valli & The Four Seasons,"December, 1963 (Oh What a Night!)",181646
5/2/20 20:07,Bob Marley & The Wailers,Could You Be Loved,237000
5/2/20 20:08,Kid Rock,All Summer Long,18520
5/2/20 20:08,Eagles,Hotel California - 2013 Remaster,2260
5/2/20 20:12,Mark Keali'i Ho'omalu,"Hawaiian Roller Coaster Ride - From ""Lilo & Stitch""...",208226
5/2/20 20:17,Israel Kamakawiwo'ole,Somewhere Over The Rainbow_What A Wonderful World,308026
5/2/20 20:22,UB40,Red Red Wine,320933
5/2/20 20:26,Bob Marley & The Wailers,Is This Love,232200
5/2/20 20:55,Eagles,Peaceful Easy Feeling - 2013 Remaster,72453
5/2/20 21:00,Sublime,What I Got,170906
5/2/20 21:03,The Surfaris,Wipe Out - Hit Version / Extended Ending,157760
5/2/20 21:07,Eagles,Take It Easy - 2013 Remaster,211577
5/2/20 21:13,Sublime,Santeria,182746
5/2/20 21:19,Zac Brown Band,Toes,262773
5/2/20 21:22,Zac Brown Band,Make This Day,203173
5/2/20 21:27,Big Mountain,"Baby, I Love Your Way",249520
5/2/20 21:30,Michael Franti & Spearhead,The Sound Of Sunshine,225133
5/2/20 21:34,311,Amber,206973
5/2/20 21:37,Katy Perry,California Gurls,208295
5/3/20 16:00,Katy Perry,California Gurls,0
5/3/20 16:00,The Ventures,Hawaii Five-O,0
5/3/20 16:08,Bob Marley & The Wailers,One Love / People Get Ready - Medley,172840
5/3/20 16:11,Carpenters,Top Of The World,179173
5/3/20 16:14,Zac Brown Band,Castaway,188053
5/3/20 16:17,The Beach Boys,Surfin' U.S.A. - Remastered,149373
5/3/20 16:34,Weezer,Island In The Sun,200306
5/3/20 16:37,King Harvest,Dancing in the Moonlight,181133
5/3/20 16:40,Sean Kingston,Me Love,204293
5/3/20 16:44,Colbie Caillat,Brighter Than The Sun,231213
5/3/20 16:48,Corinne Bailey Rae,Put Your Records On,215360
5/3/20 16:52,Jimmy Buffett,Margaritaville,250933
5/3/20 16:56,Alan Jackson,It's Five O'Clock Somewhere,230266
5/3/20 16:59,Frankie Valli & The Four Seasons,"December, 1963 (Oh What a Night!)",197146
5/3/20 17:03,Rupert Holmes,Escape (The Pina Colada Song),276493
5/3/20 17:40,The Beach Boys,Wouldn't It Be Nice - Stereo Mix,36326
5/3/20 17:41,The Beach Boys,Good Vibrations - Remastered,104199
5/3/20 17:45,The Beach Boys,Kokomo,217093
5/3/20 17:49,Miley Cyrus,Rainbowland (feat. Dolly Parton),265373
5/3/20 17:54,Kid Rock,All Summer Long,297586
5/3/20 18:00,The Surfaris,Wipe Out - Hit Version / Extended Ending,5870
5/3/20 18:00,UB40,Red Red Wine,320933
5/3/20 18:04,Sublime,What I Got,33291
5/3/20 18:04,Eagles,Take It Easy - 2013 Remaster,1648
5/3/20 18:04,Bob Marley & The Wailers,Could You Be Loved,237000
5/3/20 18:05,Eagles,Peaceful Easy Feeling - 2013 Remaster,1393
5/3/20 18:37,Sublime,Santeria,182746
5/3/20 18:41,Zac Brown Band,Make This Day,203173
5/3/20 18:44,Mark Keali'i Ho'omalu,"Hawaiian Roller Coaster Ride - From ""Lilo & Stitch""...",208226
5/3/20 18:48,311,Amber,206973
5/3/20 18:51,Bob Marley & The Wailers,Is This Love,232200
5/3/20 18:55,Michael Franti & Spearhead,The Sound Of Sunshine,225133
5/3/20 19:02,Eagles,Hotel California - 2013 Remaster,391376
5/3/20 19:07,Israel Kamakawiwo'ole,Somewhere Over The Rainbow_What A Wonderful World,308026
5/3/20 19:11,Zac Brown Band,Toes,262773
5/3/20 19:15,Big Mountain,"Baby, I Love Your Way",249520
5/3/20 19:18,James Taylor,Your Smiling Face,165400
5/3/20 19:21,Van Morrison,Brown Eyed Girl,183306
5/3/20 19:26,Orleans,Still the One,234040
5/3/20 19:29,The Beach Boys,Wouldn't It Be Nice - Stereo Mix,153205
5/3/20 19:32,Dexys Midnight Runners,Come On Eileen,205933
5/3/20 19:36,Billy Joel,The Longest Time,217906
5/3/20 19:38,The Lovin' Spoonful,Do You Believe in Magic?,125826
5/3/20 19:42,Three Dog Night,Joy To The World,220573
5/3/20 19:45,Four Tops,"I Can't Help Myself (Sugar Pie, Honey Bunch)",160280
5/3/20 19:47,The Temptations,My Girl,165000
5/3/20 19:50,Paul Simon,Me and Julio Down by the Schoolyard,164813
5/3/20 19:54,Billy Joel,Only the Good Die Young,235560
5/3/20 19:57,Neil Diamond,Sweet Caroline,203573
5/3/20 20:02,Ben Rector,Forever Like That,254037
5/3/20 20:07,Elton John,Bennie And The Jets - Remastered 2014,322548
5/3/20 20:10,Daryl Hall & John Oates,You Make My Dreams (Come True),190626
5/3/20 20:15,The Beach Boys,Good Vibrations,255400
5/3/20 20:22,Billy Joel,Scenes from an Italian Restaurant,456893
5/3/20 20:25,The Beatles,Here Comes The Sun - Remastered 2009,185733
5/3/20 20:32,Jack Johnson,Banana Pancakes,191906
5/3/20 20:36,James Taylor,How Sweet It Is (To Be Loved By You) - 2019 Remast...,216386
5/3/20 20:42,Elton John,Tiny Dancer,377093
5/3/20 20:45,The Beach Boys,God Only Knows - Remastered,173040
5/3/20 20:48,Stevie Wonder,"Signed, Sealed, Delivered (I'm Yours)",161160
5/3/20 20:56,Don McLean,American Pie,516893
5/3/20 21:00,John Mellencamp,Jack & Diane,254493
5/3/20 21:01,James Taylor,Carolina in My Mind,34680
5/3/20 21:02,Loggins & Messina,Danny's Song,77786
5/3/20 21:05,Zac Brown Band,Loving You Easy,155653
5/3/20 21:05,Jimmy Buffett,Margaritaville,2183
5/3/20 21:05,Darius Rucker,Wagon Wheel,9694
5/3/20 21:09,The Beach Boys,Kokomo,217093
5/3/20 21:11,John Denver,Rocky Mountain High,150779
5/3/20 21:14,Paul Simon,You Can Call Me Al,152113
5/3/20 21:16,Daryl Hall & John Oates,Rich Girl,142786
5/3/20 21:19,The Beatles,"Ob-La-Di, Ob-La-Da - Remastered 2009",188960
5/3/20 21:21,Chicago,Saturday in the Park - 2002 Remaster,110185
5/3/20 21:25,Fleetwood Mac,Landslide,199493
5/3/20 21:30,Jim Croce,"Bad, Bad Leroy Brown",87086
5/3/20 21:33,James Taylor,Mexico - 2019 Remaster,178693
5/3/20 21:37,The Beach Boys,Good Vibrations - Remastered,219026
5/3/20 21:49,Dexys Midnight Runners,Come On Eileen,284306
5/3/20 21:49,Simon & Garfunkel,Cecilia,882
5/3/20 21:53,Billy Joel,Uptown Girl,197706
5/3/20 21:57,Rascal Flatts,Life is a Highway,276320
5/3/20 22:01,Frankie Valli & The Four Seasons,"December, 1963 (Oh What a Night!)",197146
5/3/20 22:04,Tom Petty,Wildflowers,190320
5/3/20 22:07,The Doobie Brothers,Listen to the Music,227266
5/3/20 22:10,Jay & The Americans,Come A Little Bit Closer,168853
5/3/20 22:14,Faces,Ooh La La,214080
5/3/20 22:16,Jonathan Edwards,Sunshine (Go Away Today),138733
5/3/20 22:20,Paul McCartney,Maybe I’m Amazed - Remastered 2011,229826
5/3/20 22:26,Billy Joel,Piano Man,339000
5/3/20 22:29,Bobby Darin,Beyond the Sea,172480
5/3/20 22:32,Eagles,Take It Easy - 2013 Remaster,211577
5/3/20 22:35,America,Sister Golden Hair,199573
5/3/20 22:36,The Monkees,Gonna Buy Me a Dog - Original Stereo Version; 2006...,36259
5/3/20 22:39,Ben Rector,Duo,202586
5/3/20 22:42,The Beach Boys,California Girls - Remix/Remastered,160360
5/3/20 22:46,Billy Joel,Movin' Out (Anthony's Song),210760
5/4/20 0:18,John Denver,"Take Me Home, Country Roads",142781
5/4/20 0:21,Stevie Wonder,Sir Duke,232760
5/4/20 0:26,Elton John,Don't Go Breaking My Heart,271133
5/4/20 0:29,Bob Seger,Old Time Rock & Roll,194146
5/4/20 0:32,Jimmy Buffett,Come Monday,191733
5/4/20 0:36,O.A.R.,Love and Memories,207493
5/4/20 0:37,The Beach Boys,Surfer Girl - Remastered,41006
5/4/20 0:41,Jackson Browne,Somebody's Baby,262733
5/4/20 0:43,Steve Miller Band,The Joker,142535
5/4/20 0:46,Andy Grammer,I Choose You,11326
5/4/20 0:46,Neil Diamond,Cracklin' Rosie - Single Version,1671
5/4/20 0:46,The Monkees,I'm a Believer - 2006 Remaster,167373
5/4/20 0:49,Thomas Rhett,Look What God Gave Her,168960
5/4/20 0:52,Van Morrison,Domino - 1999 Remaster,189426
5/4/20 0:55,The Beatles,I Saw Her Standing There - Remastered 2009,173946
5/4/20 0:57,Joni Mitchell,Big Yellow Taxi,134800
5/4/20 0:58,The Head And The Heart,Honeybee,30634
5/4/20 1:00,The Zombies,This Will Be Our Year,127733
5/4/20 1:03,The Archies,"Sugar, Sugar",163715
5/4/20 1:06,"Crosby, Stills & Nash",Love the One You're With,184653
5/4/20 1:09,James Taylor,Fire and Rain - 2019 Remaster,203613
5/4/20 1:12,The Monkees,Daydream Believer,179613
5/4/20 1:15,Carole King,I Feel the Earth Move,165317
5/4/20 1:19,Jack Johnson,Better Together,207680
5/4/20 1:22,The Turtles,Happy Together,176293
5/4/20 1:26,Jimmy Buffett,Brown Eyed Girl,235133
5/4/20 1:29,The Beatles,I Want To Hold Your Hand - Remastered 2015,145746
5/4/20 1:32,Jackie Wilson,(Your Love Keeps Lifting Me) Higher & Higher,179120
5/4/20 1:36,Eagles,Peaceful Easy Feeling - 2013 Remaster,257962
5/4/20 1:40,Zac Brown Band,Chicken Fried,238146
5/4/20 1:50,The Beach Boys,Surfin' U.S.A. - Remastered,149373
5/4/20 1:55,George Harrison,What Is Life - Remastered 2014,264413
5/4/20 1:58,Cheap Trick,I Want You to Want Me,191226
5/4/20 2:01,John Denver,"Take Me Home, Country Roads",197813
5/4/20 2:05,Pure Prairie League,Amie - Remastered 1988,259426
5/4/20 2:10,Bill Withers,Lean on Me,258834
5/4/20 2:13,The Jackson 5,I Want You Back,176333
5/4/20 2:13,The Beach Boys,"Fun, Fun, Fun (Mono)",22309
5/4/20 2:14,Tom Petty,Free Fallin',54578